					Annotator 1			Annotator 2			Annotator 3			Annotator 4			Annotator 5		
Tweet ID	Tweet	First Emoji	Second Emoji	Third Emoji	1st Score	2nd Score	3rd Score	1st Score	2nd Score	3rd Score	1st Score	2nd Score	3rd Score	1st Score	2nd Score	3rd Score	1st Score	2nd Score	3rd Score
all-625008		ğŸ˜­	ğŸ˜‚	ğŸ˜Š	1	1	0	0	2	1	1	1	1	1	2	0	1	2	0
all-749534		ğŸ’¯	ğŸ˜Š	âœ¨	1	0	1	0	2	1	0	1	1	1	2	2	0	2	0
all-892490		ğŸ˜‚	ğŸ˜Š	ğŸ˜œ	1	1	1	1	1	2	2	1	2	2	1	2	2	0	0
crawled-372390		ğŸ’¯	ğŸ˜‚	ğŸ˜‰	0	1	2	0	1	1	1	1	1	1	2	2	0	1	2
all-635813		â¤	â¤	ğŸ˜‚	2	2	0	1	1	0	1	1	1	2	2	0	2	2	0
crawled-134990		ğŸ’¯	ğŸ’¯	ğŸ˜­	0	0	1	0	0	1	0	0	2	1	1	2	0	0	2
crawled-169042		ğŸ˜‚	ğŸ”¥	ğŸ˜Š	0	1	2	2	1	2	1	2	2	1	2	2	0	2	0
crawled-81541		âœ¨	â¤	ğŸ˜­	2	0	0	0	0	0	1	1	1	2	1	0	1	1	0
crawled-370907		ğŸ˜­	âœ¨	ğŸ˜‰	0	1	2	1	2	1	1	1	1	1	2	1	0	2	1
crawled-363288		ğŸ˜‰	ğŸ’‹	ğŸ˜‰	1	1	1	1	1	1	1	1	1	2	1	2	2	2	2
all-606788		â¤	ğŸ“·	ğŸ˜‚	1	0	0	1	2	0	1	1	1	2	0	0	2	0	0
all-1016068		ğŸ“·	ğŸ˜	ğŸ“·	1	2	1	1	1	1	1	1	1	1	2	1	1	2	1
all-734397		ğŸ˜Š	ğŸ’¯	ğŸ˜	2	0	1	1	1	0	2	2	1	2	2	2	2	2	0
crawled-365047		ğŸ˜‰	ğŸ˜­	ğŸ˜Š	1	0	0	1	2	0	0	2	0	1	0	1	1	1	1
crawled-144482		ğŸ’ª	ğŸ˜	ğŸ’¯	2	1	1	2	2	2	1	1	1	2	2	1	2	1	0
crawled-46700		ğŸ˜‚	â¤	ğŸ˜­	1	2	0	1	2	1	1	2	1	2	1	0	0	2	0
all-908016		â¤	ğŸ”¥	ğŸ”¥	1	1	1	1	0	0	2	1	1	1	1	1	1	0	0
all-987222		ğŸ˜‚	ğŸ“·	ğŸ”¥	0	1	0	1	2	0	1	1	1	2	1	0	0	2	0
crawled-249054		ğŸ˜‚	ğŸ˜­	ğŸ˜­	2	1	1	2	1	1	2	1	1	2	1	1	2	1	1
all-1031452		ğŸ“·	ğŸ’¯	ğŸ˜	1	1	1	1	1	2	1	1	1	1	0	2	2	0	1
crawled-348956		ğŸ˜­	ğŸ™	ğŸ™	1	1	1	1	1	1	1	2	2	2	2	2	1	1	1
all-734336		â¤	â˜€	ğŸ“·	1	2	1	0	1	1	1	0	1	0	1	1	1	0	1
crawled-22259		ğŸ˜‚	ğŸ˜‚	âœ¨	2	2	1	2	1	1	2	2	1	2	2	0	2	2	0
all-814935		ğŸ“·	ğŸ”¥	ğŸ˜œ	2	1	0	2	1	1	1	1	1	1	0	1	1	1	1
crawled-278551		ğŸ˜­	ğŸ˜­	ğŸ”¥	1	1	1	2	2	1	1	1	1	1	1	1	2	2	0
crawled-170542		ğŸ˜­	ğŸ”¥	ğŸ˜Š	0	0	2	0	1	0	1	1	1	0	0	2	0	0	1
all-968305		ğŸ˜‚	ğŸ˜­	â¤	2	0	1	1	2	0	1	2	1	2	1	1	2	0	1
crawled-79150		ğŸ˜­	ğŸ’¯	â¤	0	2	1	1	2	2	1	2	2	0	2	2	1	2	2
all-610757		ğŸ˜‚	âœ¨	â¤	0	1	2	1	2	2	2	2	1	1	2	2	0	2	2
crawled-194498		ğŸ˜‚	ğŸ˜Š	ğŸ˜­	1	1	1	2	2	2	1	1	1	2	2	1	1	1	1
crawled-182282		ğŸ˜Š	ğŸ˜‚	ğŸ˜­	1	1	1	1	2	1	2	1	1	2	0	0	0	1	0
all-868654		ğŸ”¥	ğŸ”¥	â¤	2	2	1	2	2	2	2	2	2	2	2	2	2	2	1
all-909043		â˜€	ğŸ”¥	ğŸ˜‚	2	0	0	2	1	1	2	2	1	2	1	1	2	1	0
crawled-244894		ğŸ˜­	ğŸ˜Š	ğŸ˜­	2	1	2	2	1	2	2	1	2	2	0	2	2	0	2
crawled-40612		ğŸ˜‚	ğŸ˜­	ğŸ˜‚	1	1	1	2	2	2	1	2	1	2	1	2	1	1	1
all-894613		ğŸ˜‚	ğŸ“·	ğŸ“·	1	1	1	1	2	2	1	2	2	2	2	2	2	1	1
all-878571		ğŸ“·	ğŸ˜‚	ğŸ˜Š	1	1	1	2	1	2	1	1	1	0	2	0	2	0	0
all-844254		ğŸ˜‚	â¤	ğŸ’¯	0	1	2	2	2	1	1	2	2	0	2	2	0	2	2
all-892370		ğŸ™	ğŸ”¥	ğŸ˜‰	1	0	2	1	1	2	0	2	2	0	1	2	2	0	1
crawled-319533		âœ¨	ğŸ˜­	â¤	1	0	2	2	2	2	2	1	2	2	0	2	2	0	2
crawled-275678		ğŸ˜­	ğŸ˜­	ğŸ˜‚	1	1	1	2	2	1	2	2	1	2	2	2	1	1	2
crawled-338144		ğŸ˜	ğŸ˜	ğŸ˜­	2	2	0	2	2	1	1	1	2	0	0	2	0	0	1
crawled-389311		ğŸ˜œ	ğŸ˜	ğŸ˜‚	2	1	1	2	2	2	2	1	2	2	2	2	1	2	0
all-856542		ğŸ˜­	ğŸ˜‚	ğŸ˜Š	1	1	1	0	1	0	1	2	0	0	1	0	0	2	0
crawled-216152		ğŸ˜­	ğŸ‰	ğŸ‰	0	2	2	1	1	1	1	2	2	1	2	2	0	2	2
crawled-43494		ğŸ˜‚	ğŸ˜­	ğŸ˜‚	2	0	2	1	1	1	1	1	1	2	0	2	2	0	2
all-718317		ğŸ˜‰	ğŸ˜Š	â¤	2	2	2	1	2	2	2	2	2	1	2	2	1	1	2
crawled-227003		ğŸ“·	ğŸ˜‰	ğŸ˜­	1	2	0	0	1	2	1	1	2	0	1	2	1	0	0
crawled-26773		ğŸ˜‚	ğŸ˜‚	â¤	1	1	1	1	1	0	2	2	1	2	2	0	2	2	0
crawled-99420		â¤	â¤	ğŸ˜­	2	2	1	1	1	1	2	2	1	2	2	0	2	2	0
crawled-322395		ğŸ˜	ğŸ˜­	ğŸ˜	2	0	2	2	0	2	1	1	1	2	0	2	2	0	2
crawled-333341		ğŸ˜­	ğŸ˜	ğŸ’¯	0	1	1	1	1	0	2	1	0	1	2	0	0	2	0
crawled-376856		â¤	ğŸ˜‰	ğŸ˜­	1	2	0	0	2	0	2	2	1	0	2	0	0	2	0
crawled-255009		ğŸ˜‚	ğŸ˜­	ğŸ˜­	1	2	2	1	1	1	1	2	2	1	2	2	1	1	1
crawled-379947		ğŸ˜‰	ğŸ˜­	ğŸ˜‚	1	1	1	2	0	1	1	1	1	2	0	2	1	0	1
crawled-377328		ğŸ˜‰	â¤	ğŸ˜‰	2	2	2	2	1	2	2	2	2	2	2	2	1	2	1
crawled-292875		ğŸ˜‚	ğŸ˜­	ğŸ˜­	1	1	1	1	1	1	1	2	2	2	1	1	2	1	1
crawled-111778		ğŸ’¯	ğŸ˜	ğŸ”¥	1	2	1	1	1	1	1	1	1	1	2	1	0	2	0
crawled-240988		ğŸ˜‚	ğŸ˜­	ğŸ˜­	1	1	1	1	1	1	1	1	1	2	2	2	2	0	0
crawled-223883		ğŸ˜­	â¤	ğŸ˜­	1	0	1	2	1	2	2	1	2	2	0	2	2	2	2
crawled-122170		ğŸ”¥	ğŸ™	ğŸ˜­	1	1	0	1	2	1	1	1	1	0	0	2	2	1	0
crawled-213300		ğŸ˜‚	ğŸ‰	ğŸ˜­	1	2	1	0	2	1	1	0	2	1	2	0	0	1	0
crawled-242204		ğŸ”¥	ğŸ˜­	ğŸ˜­	2	1	1	1	2	2	1	2	2	2	1	1	2	0	0
all-878867		ğŸ„	â¤	ğŸ“·	1	1	1	1	1	2	0	2	1	0	2	1	0	0	1
all-1037306		ğŸ˜‚	ğŸ“·	ğŸ”¥	1	0	1	2	0	0	2	1	1	2	1	1	1	1	0
all-700576		â¤	ğŸ“·	ğŸ“·	1	2	2	0	0	0	0	1	1	2	1	1	1	2	2
crawled-361721		ğŸ˜­	ğŸ“·	ğŸ“·	1	2	2	0	1	1	1	2	2	0	2	2	0	2	2
crawled-84777		ğŸ˜Š	â¤	ğŸ˜‚	2	0	2	2	0	1	1	1	1	2	1	0	2	1	1
crawled-110063		ğŸ˜­	â¤	â¤	1	2	2	0	2	2	1	2	2	0	2	2	1	2	2
all-1018222		ğŸ˜‚	ğŸ˜œ	ğŸ“·	0	1	2	1	2	1	2	2	1	2	2	1	1	1	2
crawled-73493		â¤	ğŸ˜­	ğŸ˜‚	2	0	1	1	1	1	1	1	1	2	0	1	2	0	1
all-703323		ğŸ˜œ	ğŸ˜­	â¤	2	0	0	1	2	1	1	1	1	0	0	2	0	2	1
crawled-392717		ğŸ˜Š	ğŸ’¯	ğŸ˜œ	1	1	2	0	0	1	1	1	2	1	0	2	0	0	1
all-844797		ğŸ˜Š	ğŸ˜‚	ğŸ˜Š	1	1	1	1	1	1	1	1	1	2	1	2	2	0	2
crawled-333896		ğŸ˜	ğŸ’¯	ğŸ˜­	2	0	0	2	0	0	1	1	1	2	2	0	2	0	0
crawled-205433		ğŸ’¯	ğŸ™Œ	ğŸ˜‚	1	2	1	0	1	1	0	1	1	2	2	0	1	2	0
crawled-276361		ğŸ˜­	ğŸ˜­	ğŸ’¯	1	1	0	1	1	0	1	1	0	0	0	2	0	0	1
crawled-205682		ğŸ™Œ	ğŸ˜­	â¤	2	0	2	2	1	2	2	1	2	2	1	2	1	0	2
crawled-281347		ğŸ˜‰	ğŸ˜­	ğŸ˜‚	2	1	1	2	0	1	1	1	1	2	0	2	2	0	0
crawled-374795		ğŸ˜‰	ğŸ˜­	ğŸ˜‚	2	0	1	1	0	2	1	1	1	2	0	1	2	0	0
crawled-32017		ğŸ˜‚	ğŸ˜‚	ğŸ’¯	2	2	0	2	2	0	1	1	0	2	2	1	2	2	0
all-903247		ğŸ˜‚	ğŸ˜Š	ğŸ˜œ	1	2	0	1	0	1	2	1	2	2	0	2	2	0	0
crawled-369897		ğŸ˜‰	ğŸ’¯	â¤	1	2	2	1	0	2	2	2	2	1	2	2	0	2	2
crawled-125253		ğŸ˜­	ğŸ˜Š	ğŸ”¥	1	1	0	1	0	1	1	1	1	0	1	0	0	1	2
crawled-3635		ğŸ˜Š	ğŸ˜­	ğŸ˜‚	1	1	1	2	1	1	1	1	1	2	1	1	1	0	1
all-1003499		ğŸ˜‚	â¤	ğŸ™	1	2	2	0	2	1	1	2	2	0	2	2	0	2	2
crawled-371443		ğŸ˜‰	ğŸ˜­	ğŸ˜Š	1	0	2	2	0	1	2	1	2	2	0	2	1	0	2
crawled-315503		ğŸ˜­	âœ¨	ğŸ˜Š	0	1	2	0	1	2	1	2	2	0	1	2	0	2	1
all-799415		ğŸ˜Š	ğŸ˜‰	ğŸ˜­	1	1	1	0	2	0	2	2	1	2	2	0	1	0	0
crawled-41806		ğŸ˜‚	ğŸ’¯	ğŸ˜‚	2	1	2	2	0	2	2	0	2	2	0	2	2	0	2
crawled-33628		ğŸ˜‚	ğŸ˜‚	â¤	1	1	1	2	2	0	1	1	1	2	2	0	1	1	0
crawled-136822		ğŸ˜­	ğŸ’¯	ğŸ˜Š	2	0	0	2	0	0	2	0	0	2	0	0	2	0	0
crawled-391419		ğŸ˜œ	ğŸ˜­	ğŸ‰	0	0	1	0	1	2	2	1	1	1	1	0	1	0	2
all-768821		ğŸ˜‚	â¤	ğŸ˜œ	0	2	0	0	2	0	1	1	1	0	2	0	0	2	0
all-697787		ğŸ˜­	ğŸ˜‚	ğŸ˜Š	1	1	0	0	2	0	1	1	1	2	1	0	1	2	0
crawled-371752		ğŸ˜­	ğŸ˜‰	ğŸ˜‚	1	2	2	0	2	1	1	2	1	0	2	2	0	1	1
all-646039		ğŸ˜Š	ğŸ˜­	âœ¨	2	0	0	1	0	2	0	2	0	2	0	2	1	0	2
crawled-33807		ğŸ˜‚	ğŸ’¯	ğŸ˜­	2	0	0	1	0	0	1	0	1	2	1	2	2	0	2
all-753166		ğŸ˜‚	ğŸ˜Š	â¤	1	1	1	0	1	1	1	1	1	2	1	1	1	1	2
crawled-192182		ğŸ˜­	ğŸ˜‰	ğŸ˜Š	2	2	2	0	2	1	1	1	1	0	2	1	0	0	1
crawled-289533		ğŸ˜‚	ğŸ˜­	ğŸ˜­	2	0	0	2	0	0	1	2	2	2	0	0	1	0	0
crawled-149851		ğŸ’¯	ğŸ’¯	ğŸ˜­	0	0	2	0	0	0	0	0	2	0	0	2	1	1	0
crawled-157292		ğŸ’¯	ğŸ˜­	ğŸ˜‚	0	2	0	0	0	0	0	2	1	1	2	1	0	1	1
all-994672		ğŸ˜	â¤	ğŸ’¯	1	2	1	0	0	0	1	1	1	1	2	1	1	2	0
all-999082		ğŸ”¥	ğŸ˜	ğŸ“·	2	2	2	0	1	1	1	1	1	2	2	2	1	1	2
crawled-226064		ğŸ˜‚	ğŸ˜­	ğŸ˜­	0	2	2	0	2	2	1	2	2	0	2	2	0	2	2
crawled-240193		ğŸ˜­	â¤	ğŸ˜­	1	1	1	0	0	0	2	0	2	1	0	1	1	1	1
all-1051793		ğŸ”¥	ğŸ˜‚	â¤	0	0	2	0	1	1	1	2	1	1	1	2	2	0	1
crawled-138681		ğŸ˜­	ğŸ’¯	ğŸ’¯	1	1	1	0	0	0	1	0	0	1	2	2	0	0	0
crawled-179144		ğŸ˜Š	ğŸ˜‰	ğŸ˜Š	1	1	1	0	2	0	2	2	2	2	2	2	0	2	0
all-997137		ğŸ”¥	ğŸ”¥	â¤	0	0	2	1	1	2	1	1	2	2	2	2	0	0	2
crawled-125349		ğŸ”¥	ğŸ’¯	ğŸ˜­	1	0	0	2	0	1	1	0	2	1	1	1	1	1	1
all-1045828		ğŸ˜­	â¤	â¤	2	2	2	2	0	0	2	1	1	2	1	1	2	1	1
crawled-133920		ğŸ’¯	ğŸ’¯	ğŸ˜Š	0	0	2	0	0	1	0	0	2	0	0	2	0	0	1
all-1027492		ğŸ˜‚	ğŸ“·	ğŸ”¥	1	2	2	2	1	1	1	1	1	2	0	1	1	1	0
crawled-26878		ğŸ˜‚	ğŸ’¯	ğŸ˜­	1	0	2	1	0	2	1	0	2	2	0	2	1	0	2
all-1008796		ğŸ˜Š	ğŸ„	ğŸ˜œ	2	2	1	1	2	1	1	2	1	2	2	1	1	2	0
crawled-271376		ğŸ˜­	ğŸ’¯	ğŸ˜­	1	1	1	0	0	0	2	0	2	2	0	2	2	0	2
crawled-176874		ğŸ˜Š	ğŸ˜Š	ğŸ’¯	2	2	0	2	2	0	1	1	0	2	2	1	2	2	0
crawled-21148		ğŸ˜‚	ğŸ’¯	ğŸ˜­	2	0	2	2	0	1	1	0	2	2	0	0	2	0	0
crawled-393127		ğŸ˜œ	ğŸ”¥	ğŸ˜­	1	0	0	2	0	0	1	1	2	2	0	0	1	0	0
all-629118		ğŸ“·	ğŸ’¯	â¤	2	0	2	0	0	0	1	0	1	1	1	1	2	0	1
crawled-387678		ğŸ˜­	ğŸ˜œ	ğŸ’¯	1	1	0	0	2	0	2	1	0	0	2	1	0	2	0
crawled-204538		ğŸ˜Š	ğŸ˜Š	ğŸ˜­	2	2	0	2	2	0	2	2	1	2	2	0	2	2	0
crawled-309298		ğŸ˜‚	ğŸ˜­	ğŸ˜­	2	1	1	0	0	0	1	2	2	2	1	1	2	1	1
crawled-234616		ğŸ˜‚	ğŸ˜­	ğŸ˜­	2	0	0	2	0	0	1	2	2	2	2	2	2	0	0
crawled-196867		ğŸ˜­	ğŸ˜Š	âœ¨	1	2	0	0	1	1	1	1	1	1	2	2	0	2	0
crawled-205221		ğŸ˜Š	ğŸ‰	ğŸ™Œ	2	2	1	1	1	2	2	2	2	2	2	2	1	2	1
crawled-249340		ğŸ˜­	ğŸ˜­	â¤	1	1	2	1	1	2	1	1	2	1	1	2	0	0	2
crawled-270894		ğŸ˜Š	ğŸ˜­	ğŸ˜­	1	1	1	0	2	2	2	0	0	2	2	2	0	1	1
all-724104		ğŸ“·	ğŸ“·	ğŸ˜‚	2	2	1	1	1	0	1	1	1	1	1	2	1	1	0
crawled-199117		ğŸ˜Š	ğŸ˜Š	ğŸ‰	2	2	1	2	2	0	2	2	2	2	2	1	2	2	2
all-953541		â¤	â¤	ğŸ“·	1	1	2	2	2	1	1	1	1	2	2	1	2	2	2
all-929960		ğŸ˜Š	ğŸ“·	ğŸ’¯	2	1	1	2	1	0	1	1	0	2	1	1	1	0	0
all-851235		ğŸ˜­	âœ¨	ğŸ’¯	2	0	0	2	0	0	2	0	0	2	0	0	1	0	0
all-664744		â¤	â¤	ğŸ˜­	2	2	0	2	2	0	2	2	2	2	2	2	2	2	0
crawled-320719		ğŸ˜	âœ¨	ğŸ’¯	2	2	1	2	0	0	1	1	0	2	0	2	2	1	0
all-720390		ğŸ˜Š	â¤	ğŸ˜Š	2	2	2	2	1	2	1	1	1	2	2	2	1	2	1
all-729679		ğŸ˜‚	ğŸ“·	ğŸ“·	1	2	2	1	1	1	1	1	1	2	1	1	0	2	2
all-975044		ğŸ™	ğŸ˜	ğŸ’¯	1	1	1	0	1	2	0	1	0	1	1	2	1	1	1
crawled-47796		ğŸ˜‚	ğŸ˜‚	ğŸ’¯	1	1	1	0	0	0	2	2	0	2	2	0	2	2	0
crawled-339210		ğŸ˜	ğŸ˜‚	ğŸ˜­	2	1	0	2	0	0	2	1	1	2	1	0	2	0	0
crawled-238652		ğŸ˜­	ğŸ˜‚	ğŸ˜­	1	1	1	2	1	2	1	1	1	1	2	1	0	2	0
all-783346		â¤	ğŸ˜Š	ğŸ˜­	1	0	2	1	0	1	2	2	2	2	2	2	1	0	2
crawled-4060		ğŸ˜‚	â¤	ğŸ˜Š	1	0	0	0	0	0	1	1	1	2	1	1	1	0	0
crawled-320565		ğŸ˜‚	ğŸ˜­	âœ¨	1	0	1	0	0	0	2	1	1	2	1	1	2	0	1
all-833467		â¤	ğŸ˜Š	ğŸ’¯	2	2	1	1	2	0	1	1	0	2	2	1	2	1	0
crawled-281437		â¤	ğŸ˜­	ğŸ˜­	2	1	1	2	0	0	1	1	1	0	1	1	1	0	0
all-1054137		ğŸ“·	â¤	ğŸ˜­	1	1	0	1	1	1	1	1	1	1	0	2	1	0	0
all-744738		ğŸ˜‚	ğŸ˜­	â¤	1	1	1	2	0	0	1	1	2	2	2	0	2	0	0
crawled-388739		ğŸ˜Š	ğŸ˜­	ğŸ˜œ	2	0	1	2	0	0	2	0	1	2	0	2	2	0	0
crawled-331621		ğŸ˜­	ğŸ˜Š	ğŸ˜	0	2	2	0	2	1	0	2	1	1	2	2	0	1	2
crawled-187898		ğŸ˜Š	ğŸ’¯	ğŸ˜­	1	1	0	1	0	1	0	0	1	2	2	0	0	0	1
crawled-124006		ğŸ˜Š	ğŸ˜­	ğŸ”¥	1	0	2	0	0	2	1	1	1	0	0	2	2	0	0
crawled-338929		ğŸ˜	ğŸ’¯	ğŸ˜­	1	1	0	2	1	0	1	0	1	2	2	0	2	0	0
crawled-314233		ğŸ˜­	ğŸ’¯	âœ¨	2	0	1	1	0	0	2	0	0	2	2	0	2	0	0
crawled-317784		ğŸ˜­	âœ¨	âœ¨	1	1	1	0	0	0	2	1	1	1	1	1	2	0	0
crawled-391979		ğŸ˜œ	ğŸ˜‚	ğŸ˜­	0	1	1	1	1	1	2	2	1	2	2	2	0	1	1
crawled-238783		ğŸ‘Œ	ğŸ˜­	ğŸ˜­	2	0	0	0	0	0	0	2	2	2	2	2	0	1	1
crawled-13390		ğŸ˜‚	ğŸ˜­	ğŸ˜‚	2	1	2	2	0	2	1	2	1	2	0	2	2	1	2
crawled-249335		ğŸ˜­	ğŸ˜­	ğŸ’¯	0	0	2	1	1	0	2	2	0	2	2	2	2	2	0
crawled-350804		ğŸ”¥	ğŸ‘Œ	ğŸ˜‚	1	0	1	0	0	2	1	2	1	2	2	1	0	0	2
all-836999		ğŸ”¥	ğŸ“·	ğŸ˜Š	0	2	1	1	1	0	1	1	1	2	2	2	0	1	1
crawled-23302		ğŸ˜­	ğŸ˜‚	ğŸ’¯	0	2	0	0	1	0	1	1	0	0	2	1	0	2	0
crawled-203144		ğŸ˜Š	ğŸ’¯	ğŸ˜­	2	2	0	1	0	1	2	1	0	2	1	0	2	0	0
crawled-90586		â¤	ğŸ”¥	ğŸ˜Š	2	0	2	2	0	1	2	2	2	2	1	2	2	0	1
all-849744		âœ¨	ğŸ’¯	â¤	1	1	1	2	0	1	1	0	1	2	2	2	2	0	2
all-1017393		ğŸ˜œ	ğŸ˜Š	â¤	1	1	0	1	0	0	1	2	2	2	2	2	1	2	1
all-744703		â¤	â¤	ğŸ“·	2	2	2	0	0	1	1	1	1	2	2	2	1	1	0
crawled-261593		ğŸ˜­	ğŸ˜­	ğŸ„	0	0	0	1	1	0	1	1	0	2	2	0	1	1	0
all-1001043		ğŸ˜	â¤	ğŸ’¯	1	1	1	1	1	0	1	1	0	2	2	1	2	1	0
crawled-164079		â¤	ğŸ’¯	ğŸ˜­	1	2	1	1	2	1	2	2	1	2	2	1	0	2	0
all-892422		â¤	ğŸ˜‚	ğŸ˜Š	2	1	2	0	0	2	2	1	2	2	2	2	1	0	1
crawled-368321		ğŸ˜‰	ğŸ˜­	ğŸ˜Š	1	0	1	1	0	2	2	1	2	2	0	1	2	0	1
all-669201		â¤	ğŸ˜	ğŸ˜‚	1	2	0	1	1	0	1	1	1	1	2	1	2	2	0
all-921673		ğŸ˜Š	ğŸ˜œ	â¤	1	1	1	1	1	1	1	2	1	1	2	2	1	0	2
all-811526		ğŸ˜‚	ğŸ˜Š	ğŸ˜Š	1	2	2	1	2	2	1	2	2	1	2	2	1	2	2
all-879053		â¤	ğŸ”¥	ğŸ˜Š	2	0	2	0	0	1	1	1	1	2	2	2	0	1	1
crawled-387786		ğŸ˜œ	ğŸ’¯	ğŸ˜­	2	0	0	1	0	0	2	0	1	2	1	0	1	0	0
crawled-195590		ğŸ˜­	ğŸ˜‚	ğŸ˜Š	1	1	0	1	1	1	1	1	1	0	2	1	0	1	0
crawled-121115		ğŸ˜­	ğŸ”¥	ğŸ”¥	1	0	0	1	1	1	1	1	1	0	1	1	0	2	2
all-804568		ğŸ’ª	ğŸ’¯	ğŸ˜	2	1	2	2	0	1	2	0	2	2	0	2	2	0	1
all-601924		ğŸ˜‰	ğŸ’¯	ğŸ”¥	2	0	0	2	0	0	2	0	1	2	1	1	1	0	1
crawled-335383		ğŸ˜	ğŸ˜­	ğŸ˜‰	1	1	1	0	0	0	1	2	1	1	0	1	1	0	2
all-874235		â¤	âœ¨	ğŸ˜‚	1	1	1	1	0	2	2	2	1	2	2	2	0	1	1
all-846147		ğŸ”¥	ğŸ“·	ğŸ“·	1	2	2	1	1	1	1	1	1	2	2	2	2	2	2
all-860221		â¤	ğŸ˜‰	ğŸ˜‚	2	1	0	1	2	1	2	2	1	2	2	1	2	1	0
all-1054942		ğŸ˜‚	ğŸ“·	ğŸ“·	1	2	2	1	1	1	1	1	1	2	1	1	0	2	2
crawled-34000		ğŸ’¯	ğŸ˜‚	ğŸ˜­	0	1	1	0	1	0	0	1	2	1	2	0	1	0	0
all-619054		ğŸ˜‰	ğŸ˜Š	ğŸ˜‰	1	2	1	1	1	1	2	2	2	2	2	2	2	1	2
crawled-394814		ğŸ˜œ	ğŸ˜­	âœ¨	1	0	1	1	0	2	1	1	2	2	0	2	2	0	1
all-926052		ğŸ˜	â˜€	ğŸ˜‚	2	2	1	1	2	1	2	2	1	2	2	2	1	0	1
all-741543		ğŸ˜Š	ğŸ˜	ğŸ˜­	1	2	0	0	2	0	1	2	0	2	2	0	1	2	0
crawled-241319		ğŸ˜Š	ğŸ˜­	ğŸ˜­	1	0	0	0	2	2	0	2	2	1	0	0	1	1	1
all-833520		â¤	ğŸ”¥	ğŸ“·	1	2	2	1	0	1	1	2	1	2	2	1	0	1	2
all-853958		ğŸ˜‚	ğŸ”¥	ğŸ˜Š	1	0	2	0	1	1	1	1	2	1	2	1	0	1	2
crawled-187343		ğŸ˜­	ğŸ˜Š	ğŸ˜‚	0	0	2	1	0	2	1	0	1	0	2	2	0	1	1
all-805120		ğŸ˜‰	ğŸ˜‚	ğŸ“·	2	0	2	2	1	1	1	1	1	2	1	1	1	1	2
all-687397		ğŸ”¥	â¤	ğŸ˜	0	1	2	0	0	0	1	1	1	2	2	2	1	1	1
all-955207		ğŸ˜	ğŸ˜‚	ğŸ˜Š	1	1	1	2	0	0	1	1	1	2	1	2	2	1	0
crawled-272092		ğŸ˜­	ğŸ˜­	ğŸ˜Š	2	2	1	2	2	0	2	2	0	1	1	0	2	2	0
crawled-362093		ğŸ“·	ğŸ”¥	ğŸ“·	2	1	2	1	1	1	1	0	1	2	2	2	2	0	2
crawled-105440		ğŸ˜­	ğŸ˜‚	â¤	0	2	1	0	1	2	1	1	1	1	2	1	0	1	0
crawled-375769		ğŸ”¥	ğŸ˜‰	ğŸ˜­	0	2	0	1	0	0	1	2	1	2	2	1	2	0	0
crawled-49248		â¤	ğŸ’¯	ğŸ˜Š	1	1	1	2	1	1	2	0	2	1	2	2	2	0	1
all-824953		ğŸ˜Š	ğŸ˜‰	ğŸ’¯	2	0	1	0	2	0	2	2	1	1	2	1	1	1	0
crawled-350075		ğŸ˜­	ğŸ‘Œ	ğŸ’¯	1	1	1	0	2	0	2	0	0	0	2	1	0	1	0
all-737003		ğŸ“·	âœ¨	ğŸ˜‚	2	1	0	2	0	1	2	1	1	1	2	2	1	0	0
crawled-326655		ğŸ’¯	ğŸ™Œ	ğŸ˜	2	2	2	0	2	2	1	1	1	2	2	2	2	2	2
crawled-91182		ğŸ“·	â¤	ğŸ˜‚	1	1	1	1	1	1	1	1	1	0	0	2	2	1	1
crawled-360992		â˜€	ğŸ˜Š	ğŸ˜‚	1	1	0	0	2	0	2	2	1	0	1	2	0	1	1
crawled-201673		ğŸ˜Š	ğŸ˜­	ğŸ‰	1	1	1	1	1	0	1	1	1	2	2	2	1	0	1
all-976424		ğŸ˜	ğŸ”¥	ğŸ˜‚	1	2	0	2	2	0	1	1	1	2	2	2	0	2	1
all-942105		ğŸ˜‚	ğŸ”¥	ğŸ˜‚	1	1	1	1	2	1	1	1	1	2	0	2	1	0	1
crawled-333819		ğŸ˜‚	ğŸ˜Š	ğŸ˜	1	2	1	2	1	2	1	2	2	2	2	2	1	1	2
crawled-145942		ğŸ˜­	ğŸ’¯	ğŸ’¯	0	2	2	1	0	0	1	0	0	2	1	1	0	1	1
crawled-184448		âœ¨	ğŸ˜­	ğŸ˜Š	2	0	1	1	0	2	2	1	2	2	0	2	1	0	2
all-1008241		ğŸ˜‚	ğŸ“·	ğŸ„	1	2	0	0	1	0	0	0	0	2	1	0	0	1	0
crawled-384800		ğŸ˜­	ğŸ˜‚	ğŸ˜Š	1	1	1	1	1	1	2	1	0	0	2	1	0	1	0
crawled-101928		â¤	ğŸ˜‚	ğŸ˜­	2	1	0	1	2	1	1	1	1	2	2	1	2	0	0
crawled-206288		ğŸ™Œ	ğŸ˜­	ğŸ’¯	2	0	0	2	0	0	1	1	1	2	0	2	1	1	0
all-912764		ğŸ˜Š	ğŸ˜œ	â¤	1	2	1	0	2	0	2	1	2	1	2	1	0	2	1
all-892689		ğŸ˜œ	ğŸ˜Š	ğŸ˜	0	2	1	1	2	1	1	2	1	1	1	2	0	2	0
crawled-329432		ğŸ’ª	ğŸ˜­	ğŸ˜	2	0	1	2	0	1	2	1	1	2	1	2	2	1	0
crawled-288193		ğŸ˜­	ğŸ˜Š	ğŸ˜­	1	2	1	0	2	0	2	1	2	0	2	0	1	0	1
crawled-171205		ğŸ”¥	ğŸ˜­	ğŸ˜Š	1	0	2	1	1	1	1	1	1	1	0	0	1	0	2
crawled-83847		â˜€	ğŸ˜­	â¤	2	0	1	1	0	0	2	1	2	1	0	2	2	0	2
all-630919		ğŸ˜‚	ğŸ”¥	ğŸ”¥	1	2	2	1	2	2	2	1	1	1	1	1	2	0	0
all-1047040		ğŸ’¯	ğŸ˜œ	ğŸ’ª	2	0	2	0	0	2	1	1	2	0	1	2	0	0	2
crawled-388799		ğŸ˜œ	ğŸ’¯	ğŸ“·	2	0	1	1	0	1	2	0	0	2	1	0	2	0	0
crawled-328606		ğŸ˜­	ğŸ˜	â¤	1	1	2	1	0	1	1	1	1	0	1	2	2	0	1
crawled-267483		ğŸ˜­	ğŸ˜­	ğŸ˜Š	1	1	1	2	2	0	1	1	1	0	0	2	0	0	2
crawled-1269		ğŸ˜­	ğŸ˜‚	ğŸ˜‚	1	1	1	1	2	2	2	1	1	2	2	2	1	1	1
all-895326		â¤	ğŸ’¯	ğŸ”¥	1	1	2	0	0	1	1	1	1	0	1	0	0	0	1
crawled-366173		ğŸ˜­	ğŸ˜‰	ğŸ˜Š	1	1	1	0	0	2	1	1	1	0	1	2	2	0	0
crawled-367181		ğŸ˜‚	ğŸ˜‰	ğŸ˜­	1	1	1	1	1	1	1	0	2	2	1	1	1	1	0
crawled-377663		ğŸ˜­	ğŸ˜‰	ğŸ˜‰	1	1	1	1	1	1	1	1	1	0	2	2	0	2	2
crawled-334336		ğŸ˜‚	ğŸ”¥	ğŸ˜	2	0	1	1	1	1	1	2	2	2	2	2	1	1	2
all-921035		ğŸ’¯	ğŸ”¥	ğŸ”¥	2	1	1	0	1	1	1	1	1	1	2	2	0	1	1
all-899100		ğŸ˜Š	ğŸ˜œ	ğŸ˜‚	2	0	0	2	0	1	1	2	2	1	2	2	1	1	2
crawled-39673		ğŸ˜‚	ğŸ˜‚	ğŸ˜Š	1	1	0	2	2	0	1	1	0	2	2	1	2	2	0
crawled-245057		ğŸ˜­	ğŸ˜­	ğŸ’¯	2	2	0	2	2	0	2	2	0	2	2	0	2	2	0
all-882318		â¤	ğŸ”¥	â¤	2	1	2	1	1	1	2	1	2	2	1	2	2	0	2
crawled-135607		ğŸ’¯	ğŸ’¯	ğŸ˜­	0	0	1	1	1	2	0	0	2	1	1	2	2	2	1
all-722743		â¤	ğŸ˜‚	ğŸ˜‚	2	0	0	2	0	0	2	1	1	2	2	2	2	0	0
crawled-386996		ğŸ˜œ	ğŸ˜‰	ğŸ“·	1	1	1	1	1	0	1	2	0	2	2	1	0	2	0
crawled-168836		ğŸ˜Š	ğŸ’¯	ğŸ˜­	2	0	2	2	0	1	2	1	1	2	1	0	2	0	1
all-757912		ğŸ”¥	ğŸ˜Š	ğŸ˜­	1	2	0	0	0	2	1	2	0	1	2	1	0	2	0
all-918990		âœ¨	âœ¨	ğŸ“·	2	2	2	2	2	1	2	2	1	2	2	1	2	2	0
all-937663		ğŸ˜‚	ğŸ”¥	ğŸ”¥	1	1	1	1	2	2	1	1	1	2	2	2	1	1	1
crawled-143661		ğŸ˜‚	ğŸ’¯	ğŸ˜œ	1	0	1	0	0	1	1	0	1	2	0	2	1	0	2
crawled-291844		ğŸ˜­	ğŸ’¯	ğŸ˜­	0	0	0	1	0	1	2	0	2	2	0	2	1	0	1
crawled-330558		ğŸ˜	ğŸ˜­	ğŸ˜‚	1	0	0	2	0	1	1	1	1	2	0	2	2	0	1
all-755950		ğŸ”¥	â¤	ğŸ“·	0	1	2	2	0	1	1	1	1	2	0	2	1	0	2
crawled-188248		ğŸ˜‰	ğŸ˜Š	ğŸ˜­	2	2	0	2	2	0	2	2	0	2	2	0	1	2	0
crawled-371955		ğŸ˜‰	â¤	ğŸ˜‚	1	2	1	1	2	1	2	2	1	2	2	2	1	2	0
crawled-390833		ğŸ˜­	ğŸ˜œ	ğŸ˜‚	0	1	1	0	1	1	1	1	1	0	2	2	0	2	1
crawled-99761		ğŸ˜‚	ğŸ˜Š	â¤	1	2	2	1	2	1	1	1	1	1	2	2	1	2	1
all-993761		â¤	ğŸ˜‚	ğŸ˜	0	0	0	1	0	2	1	1	1	0	1	1	1	0	2
crawled-336887		ğŸ˜	ğŸ˜	ğŸ˜­	2	2	0	2	2	0	1	1	1	2	2	0	2	2	0
crawled-360834		â˜€	ğŸ˜Š	ğŸ˜­	1	2	0	0	2	0	0	2	1	1	2	0	1	2	0
crawled-141027		ğŸ˜­	ğŸ˜‚	ğŸ’¯	0	0	0	0	1	1	1	2	0	0	2	1	0	2	0
crawled-189214		ğŸ˜Š	ğŸ˜­	ğŸ˜Š	0	2	0	0	2	0	0	2	0	0	2	0	0	2	0
crawled-368279		ğŸ˜‚	ğŸ˜‰	ğŸ˜‰	1	1	1	1	1	1	1	1	1	2	2	2	2	1	1
crawled-268024		ğŸ˜­	ğŸ˜­	ğŸ˜‚	1	1	1	1	1	1	1	1	1	2	2	2	1	1	2
crawled-102784		â¤	ğŸ˜­	ğŸ’¯	1	0	2	0	1	1	2	1	0	0	1	0	1	1	0
crawled-130934		ğŸ“·	ğŸ˜Š	ğŸ’¯	0	0	0	0	1	0	0	2	0	0	0	1	0	1	1
crawled-316062		âœ¨	âœ¨	ğŸ˜­	1	1	0	2	2	0	2	2	1	2	2	0	2	2	1
crawled-351606		ğŸ˜‚	ğŸ‘Œ	ğŸ“·	1	0	2	1	2	1	1	0	2	2	2	2	1	0	2
crawled-198061		ğŸ˜Š	ğŸ˜­	ğŸ˜	0	0	0	1	0	2	0	1	1	2	0	1	1	0	2
crawled-13907		ğŸ˜­	ğŸ˜‚	ğŸ˜Š	1	0	0	2	1	1	1	1	0	2	2	0	2	1	0
all-877867		ğŸ˜	ğŸ˜‚	ğŸ˜‚	1	2	2	2	1	1	1	1	1	2	2	2	1	2	2
crawled-325252		ğŸ“·	ğŸ˜	ğŸ’¯	0	2	0	0	1	1	0	1	0	0	2	1	0	2	1
crawled-333762		ğŸ˜Š	ğŸ˜	ğŸ˜‚	0	0	0	1	2	1	1	1	1	2	2	2	1	2	1
crawled-125592		ğŸ˜­	ğŸ”¥	ğŸ”¥	0	0	0	0	1	1	0	1	1	0	1	1	0	1	1
crawled-293172		ğŸ˜­	ğŸ˜­	ğŸ˜‚	0	0	0	1	1	0	2	2	1	2	2	2	2	2	1
all-879638		ğŸ’¯	ğŸ˜‚	ğŸ”¥	0	0	0	2	1	1	2	1	1	1	2	0	2	0	1
all-762602		ğŸ˜­	ğŸ˜	ğŸ“·	1	0	0	1	0	0	2	1	1	0	1	0	0	1	2
crawled-247666		ğŸ˜Š	ğŸ˜­	ğŸ˜­	0	2	2	0	1	1	0	2	2	2	2	2	0	2	2
crawled-132067		ğŸ˜­	ğŸ’¯	ğŸ˜‚	2	1	0	1	0	0	2	0	1	2	0	2	2	0	1
crawled-161503		ğŸ’¯	ğŸ˜‚	ğŸ”¥	0	0	0	0	2	1	0	1	1	0	2	0	0	2	0
crawled-70651		â¤	ğŸ˜­	â¤	0	0	0	1	1	1	1	2	1	2	0	2	1	2	1
all-599175		â¤	ğŸ˜‚	â¤	0	0	0	1	2	1	2	1	2	2	2	2	2	1	2
crawled-390231		â˜€	ğŸ˜Š	ğŸ˜œ	1	1	1	1	1	1	0	1	1	0	2	1	0	1	2
crawled-327274		ğŸ”¥	ğŸ˜	ğŸ˜Š	1	2	2	2	1	2	1	1	2	1	2	2	2	1	1
crawled-30258		ğŸ”¥	ğŸ˜‚	ğŸ˜‚	0	0	0	1	1	1	1	1	1	0	1	1	0	2	2
all-768701		ğŸ˜‚	â˜€	ğŸ˜­	2	1	0	1	2	0	1	2	1	2	2	0	2	2	0
crawled-372526		ğŸ˜‰	ğŸ˜‚	ğŸ˜‰	2	0	2	2	1	2	1	1	1	2	2	2	2	1	2
crawled-380089		ğŸ˜‚	ğŸ˜­	ğŸ˜‰	0	0	0	1	1	2	1	1	2	2	1	2	2	0	0
crawled-257215		ğŸ˜­	ğŸ˜‚	ğŸ˜­	0	0	0	1	1	1	1	1	1	2	2	2	1	2	1
all-651830		ğŸ˜‚	ğŸ˜Š	â¤	2	0	0	1	2	2	1	1	1	2	2	2	2	0	2
crawled-381497		ğŸ˜­	ğŸ˜Š	ğŸ’¯	1	2	2	1	2	2	1	1	1	0	2	2	0	1	2
crawled-277485		ğŸ˜Š	ğŸ˜­	ğŸ˜­	2	1	1	0	1	1	0	1	1	2	2	2	2	0	0
all-919791		ğŸ”¥	ğŸ˜	â¤	2	2	2	0	2	1	1	1	1	1	2	2	1	2	1
all-683501		âœ¨	ğŸ˜‚	ğŸ˜‰	0	0	0	1	2	1	1	1	1	2	2	0	1	2	1
crawled-287059		ğŸ˜­	â¤	ğŸ˜­	0	1	0	2	1	2	2	1	2	2	2	2	2	1	2
all-799173		ğŸ”¥	ğŸ”¥	ğŸ“·	0	0	0	2	2	0	2	2	1	1	1	1	2	2	0
crawled-344151		ğŸ˜­	ğŸ™	ğŸ™	0	2	2	0	2	2	1	1	1	0	2	2	0	2	2
crawled-194469		ğŸ˜­	ğŸ˜Š	ğŸ˜Š	0	2	2	0	2	2	1	2	2	1	2	2	0	2	2
all-682420		â˜€	ğŸ˜	ğŸ’¯	1	1	2	1	2	1	0	1	0	1	2	2	2	2	0
crawled-102981		â¤	ğŸ™Œ	ğŸ™Œ	0	1	1	1	2	2	2	2	2	2	2	2	2	2	2
all-640554		ğŸ˜Š	ğŸ˜Š	ğŸ“·	2	2	0	2	2	1	1	1	1	2	2	1	2	2	1
crawled-210716		ğŸ’¯	â¤	ğŸ’¯	2	2	2	2	1	2	1	1	1	2	2	2	2	0	2
crawled-278935		ğŸ˜‚	ğŸ˜‚	ğŸ˜­	0	0	0	1	1	2	1	1	2	2	2	1	2	2	0
all-946133		ğŸ˜Š	â¤	â¤	2	2	2	1	2	2	1	2	2	2	2	2	1	2	2
crawled-319561		ğŸ˜‰	ğŸ˜‰	âœ¨	1	1	0	2	2	2	2	2	1	2	2	0	2	2	0
all-878316		ğŸ˜Š	ğŸ˜	ğŸ˜Š	0	0	0	1	2	1	1	1	1	1	1	1	0	2	0
crawled-349252		ğŸ˜‰	ğŸ™	ğŸ˜‚	0	1	0	0	2	0	1	2	1	0	2	2	0	2	0
crawled-238499		ğŸ˜Š	ğŸ˜Š	ğŸ˜­	1	1	2	1	1	0	0	0	2	2	2	0	2	2	0
all-613560		ğŸ˜	ğŸ“·	ğŸ˜	2	0	2	2	2	2	1	1	1	2	2	2	2	2	2
crawled-166615		ğŸ˜‚	ğŸ’¯	ğŸ˜‚	2	1	2	1	0	1	1	0	1	2	2	2	2	0	2
crawled-14603		ğŸ˜Š	ğŸ˜Š	ğŸ˜‚	2	2	2	2	2	1	2	2	1	2	2	2	2	2	1
all-1004351		ğŸ’ª	ğŸ”¥	ğŸ’ª	2	2	2	2	1	2	2	2	2	2	1	2	2	2	2
crawled-100082		ğŸ˜­	â¤	ğŸ˜­	0	2	0	1	2	1	1	2	1	1	2	1	0	2	0
all-731868		ğŸ˜œ	ğŸ’¯	ğŸ’¯	0	2	2	2	1	1	1	0	0	2	1	1	2	1	1
all-678666		ğŸ˜Š	ğŸ„	ğŸ„	2	2	2	2	1	1	2	2	2	2	2	2	2	2	2
all-767819		ğŸ”¥	ğŸ”¥	ğŸ’¯	1	1	1	1	1	0	1	1	0	2	2	2	2	2	2
crawled-315146		âœ¨	â¤	â¤	2	2	2	2	1	1	1	2	2	2	2	2	1	2	2
crawled-382731		ğŸ˜Š	ğŸ˜‰	ğŸ˜‰	1	2	2	1	2	2	1	2	1	2	2	2	1	2	2
crawled-297051		ğŸ˜­	ğŸ˜Š	ğŸ˜Š	1	2	2	0	2	2	1	2	2	1	2	2	0	2	2
all-806676		ğŸ“·	ğŸ˜Š	ğŸ˜Š	0	2	2	1	2	2	1	1	1	2	2	2	1	2	2
all-732083		ğŸ˜‚	ğŸ˜‚	â¤	2	2	0	2	2	0	1	1	0	2	2	1	2	2	0
crawled-38523		ğŸ˜­	ğŸ˜‚	ğŸ˜­	2	1	2	2	1	2	2	1	2	2	2	2	2	1	2
all-839430		ğŸ˜­	ğŸ˜‚	ğŸ˜‰	1	1	2	1	1	1	1	1	1	0	2	2	1	1	1
all-778578		â¤	â¤	âœ¨	2	2	2	2	2	2	1	1	2	2	2	2	2	2	2
crawled-27112		ğŸ˜­	ğŸ˜­	ğŸ˜‚	1	1	1	2	2	1	2	2	1	2	2	2	1	1	2
crawled-123002		ğŸ“·	ğŸ”¥	ğŸ“·	0	0	0	1	1	1	1	2	1	1	2	1	1	0	1
all-785715		â¤	â˜€	â¤	2	2	2	2	1	2	2	1	2	2	2	2	1	2	1
crawled-322289		ğŸ˜	ğŸ”¥	ğŸ”¥	2	2	2	2	1	1	1	1	1	2	1	1	2	1	1
crawled-205257		ğŸ˜Š	ğŸ™Œ	ğŸ˜Š	2	1	2	1	2	1	2	1	2	2	2	2	1	2	1
crawled-10582		ğŸ˜‚	ğŸ”¥	ğŸ”¥	2	2	2	1	2	2	1	1	1	2	2	2	0	2	2
crawled-280024		ğŸ˜‚	ğŸ˜‚	ğŸ˜­	2	2	1	1	1	0	1	1	1	2	2	0	2	2	0
crawled-111232		ğŸ”¥	â¤	â¤	2	2	2	1	2	2	1	2	2	1	2	2	1	2	2
crawled-98164		â¤	ğŸ™	ğŸ™	2	2	2	1	2	2	2	2	2	2	1	1	1	2	2
crawled-347001		ğŸ™	ğŸ˜Š	ğŸ˜Š	2	2	2	1	2	2	2	1	1	2	2	2	1	2	2
all-950293		â˜€	â˜€	â¤	2	2	2	1	1	2	2	2	1	2	2	2	2	2	1
crawled-270936		ğŸ˜‚	ğŸ˜‚	ğŸ˜­	2	2	2	2	2	0	1	1	2	2	2	1	1	1	1
all-726661		ğŸ˜Š	ğŸ˜‚	ğŸ˜‚	2	2	2	0	1	1	0	1	1	0	2	2	0	2	2
crawled-387713		ğŸ˜œ	â¤	â¤	2	1	1	1	2	2	1	1	1	2	2	2	1	2	2
crawled-393332		ğŸ˜œ	ğŸ˜‚	ğŸ˜‚	2	2	2	1	2	2	1	1	1	2	2	2	1	2	2
all-817490		ğŸ˜‚	ğŸ˜Š	ğŸ˜‚	1	1	1	1	1	1	1	1	1	2	2	2	1	2	1
crawled-364069		ğŸ”¥	ğŸ˜‰	ğŸ”¥	1	1	1	1	1	1	1	1	1	1	2	1	0	1	0
all-707226		ğŸ’¯	ğŸ“·	ğŸ“·	0	0	0	1	1	1	0	1	1	2	1	1	1	2	2
crawled-391871		ğŸ˜Š	ğŸ˜œ	ğŸ˜Š	2	1	2	2	1	2	2	1	2	2	1	2	2	0	2
all-787923		â˜€	â¤	â˜€	2	2	2	1	2	1	0	2	0	2	2	2	2	2	2
all-608860		ğŸ˜Š	ğŸ˜­	ğŸ˜­	2	1	1	1	0	0	1	1	1	2	0	0	2	0	0
crawled-203670		ğŸ˜Š	â˜€	â˜€	2	2	2	2	2	2	2	2	2	2	2	2	2	2	2
crawled-257857		ğŸ˜­	â¤	â¤	2	2	2	1	2	2	1	2	2	2	2	2	1	2	2
crawled-203376		ğŸ˜Š	ğŸ˜­	ğŸ˜­	2	2	2	2	0	0	1	1	1	2	0	0	2	0	0
crawled-98206		â¤	ğŸ’¯	ğŸ˜­	2	2	2	1	0	1	1	0	2	0	0	2	2	0	1
crawled-199521		ğŸ“·	ğŸ˜Š	ğŸ˜­	0	2	2	0	0	2	0	1	2	0	0	2	0	1	0
crawled-361304		ğŸ”¥	â˜€	ğŸ”¥	2	1	2	2	0	2	2	0	2	1	0	1	2	0	2
crawled-377042		ğŸ˜‰	ğŸ’¯	ğŸ’¯	2	2	2	0	1	1	1	0	0	2	1	1	2	0	0
crawled-274763		ğŸ˜‚	ğŸ˜‚	ğŸ˜­	0	0	0	1	1	2	1	1	1	2	2	1	2	2	1
all-1034434		âœ¨	ğŸ˜Š	ğŸ˜Š	2	1	1	2	2	2	1	2	2	1	2	2	1	2	2
crawled-358601		ğŸ’¯	â˜€	ğŸ’¯	2	2	2	2	1	2	1	1	1	2	1	2	0	2	0
crawled-347719		ğŸ™	âœ¨	âœ¨	2	1	1	2	1	1	2	1	1	2	0	0	1	0	0
crawled-214753		ğŸ˜	ğŸ˜	ğŸ‰	1	1	0	2	2	2	1	1	2	2	2	2	1	1	2
all-837102		ğŸ˜	ğŸ˜	âœ¨	2	2	1	2	2	1	1	1	1	2	2	1	1	1	2
all-649242		ğŸ˜	ğŸ˜	ğŸ„	2	2	0	2	2	1	1	1	1	2	2	0	1	1	0
crawled-273654		ğŸ˜­	ğŸ˜‚	ğŸ’¯	1	1	2	1	1	1	2	1	0	0	2	0	0	1	0
crawled-96500		â¤	ğŸ˜‚	â¤	1	2	1	2	1	2	2	1	2	2	2	2	2	0	2
all-983825		âœ¨	â¤	âœ¨	2	2	2	2	2	2	2	2	2	2	2	2	2	2	2
all-791325		â¤	â¤	ğŸ˜Š	2	2	2	2	2	2	2	2	2	2	2	2	2	2	2
crawled-288824		â¤	â¤	ğŸ˜­	2	2	2	2	2	1	2	2	1	2	2	1	2	2	0
all-981807		â¤	â¤	ğŸ˜Š	2	2	2	2	2	2	2	2	2	2	2	2	2	2	2
all-642374		â¤	â¤	ğŸ˜œ	2	2	2	2	2	0	2	2	1	2	2	0	2	2	0
all-693762		â¤	ğŸ˜	ğŸ˜	2	2	2	1	2	2	1	1	1	2	2	2	1	1	1
crawled-187013		ğŸ˜Š	ğŸ’¯	ğŸ’¯	2	2	2	2	1	1	2	1	1	2	2	2	2	0	0
all-932271		ğŸ˜Š	â˜€	ğŸ˜Š	2	2	2	2	0	2	2	1	2	2	1	2	2	2	2
all-876875		âœ¨	ğŸ˜Š	âœ¨	2	2	2	2	2	2	2	2	2	1	2	1	2	1	2
all-957064		â¤	ğŸ˜Š	â¤	2	2	2	2	2	2	2	2	2	2	2	2	2	1	2
crawled-143314		ğŸ’¯	ğŸ”¥	ğŸ”¥	2	1	1	1	1	1	1	1	1	0	1	1	2	0	0
all-925832		â¤	ğŸ”¥	â¤	2	2	2	2	1	2	1	1	1	2	0	2	2	0	2
all-920953		ğŸ“·	â¤	â¤	0	2	2	1	2	2	1	2	2	2	2	2	2	2	2
all-948269		â„	ğŸ„	â„	2	2	2	2	1	2	2	1	2	2	1	2	2	2	2
all-888141		ğŸ“·	ğŸ“·	ğŸ˜‚	0	0	1	1	1	2	1	1	2	0	0	2	2	2	2
crawled-49378		ğŸ”¥	â¤	ğŸ”¥	2	2	2	1	0	1	1	2	1	2	2	2	2	1	2
crawled-208320		ğŸ™Œ	â„	â„	2	0	0	2	1	1	1	1	1	2	0	0	2	0	0
crawled-193862		ğŸ’¯	ğŸ˜Š	ğŸ’¯	2	0	2	0	0	0	1	1	1	1	1	1	1	0	1
all-813179		ğŸ˜œ	ğŸ˜‚	ğŸ˜‚	2	2	2	1	1	1	1	1	1	2	2	2	1	1	1
all-680852		ğŸ˜‚	ğŸ˜œ	ğŸ“·	2	2	2	1	0	1	1	1	1	1	1	2	1	0	2
all-953264		ğŸ˜	ğŸ”¥	ğŸ”¥	2	2	2	2	1	1	1	2	2	1	0	0	2	1	1
crawled-374944		ğŸ’¯	ğŸ˜‰	ğŸ’¯	2	2	2	0	1	0	1	1	1	1	2	1	0	2	0
all-763693		ğŸ˜Š	ğŸ“·	ğŸ“·	2	0	0	2	1	1	1	1	1	2	0	0	1	2	2
all-683844		â¤	ğŸ˜‰	â¤	2	2	2	2	1	2	2	2	2	2	2	2	2	1	2
crawled-257053		ğŸ’¯	ğŸ˜­	ğŸ’¯	0	2	0	0	1	0	0	1	0	1	1	1	0	2	0
all-731000		âœ¨	ğŸ“·	ğŸ“·	2	2	2	2	1	1	2	1	1	2	1	1	2	1	1
crawled-115559		ğŸ”¥	ğŸ˜‚	ğŸ”¥	2	2	2	1	2	1	1	1	1	2	2	2	2	1	2
all-723699		ğŸ˜Š	ğŸ˜Š	ğŸ˜œ	2	2	2	2	2	1	2	2	1	2	2	1	2	2	0
crawled-23746		ğŸ˜­	ğŸ˜­	ğŸ˜‚	2	2	2	0	0	2	1	1	1	0	0	2	0	0	2
crawled-126042		ğŸ”¥	ğŸ˜­	ğŸ˜­	2	2	2	1	2	2	0	2	2	0	2	2	1	0	0
all-798456		â¤	ğŸ˜œ	â¤	2	1	2	2	0	2	2	1	2	2	1	2	2	0	2
crawled-271550		ğŸ˜­	ğŸ˜Š	ğŸ˜­	2	2	2	0	2	0	1	1	1	2	1	2	2	0	2
crawled-349761		ğŸ™	ğŸ˜	ğŸ˜	1	2	2	1	2	2	2	1	1	1	2	2	0	2	2
crawled-6761		ğŸ’¯	ğŸ’¯	ğŸ˜‚	2	2	2	1	1	2	2	2	1	1	1	2	2	2	0
all-759541		ğŸ˜Š	ğŸ˜	ğŸ˜Š	2	2	2	2	1	2	2	1	2	2	1	2	2	1	2
crawled-367023		ğŸ˜‚	ğŸ˜‚	ğŸ˜‰	2	2	2	1	1	1	1	1	1	1	1	2	2	2	0
all-648644		ğŸ“·	ğŸ“·	ğŸ”¥	2	2	2	2	2	1	1	1	1	2	2	2	2	2	0
crawled-107509		â¤	ğŸ˜Š	ğŸ˜Š	1	2	2	1	2	2	2	2	2	1	2	2	2	1	1
all-928406		ğŸ˜Š	ğŸ˜Š	â˜€	2	2	2	2	2	0	2	2	0	2	2	1	1	1	0
crawled-127556		ğŸ”¥	ğŸ’¯	ğŸ’¯	0	2	2	1	0	0	1	1	1	0	1	1	1	1	1
all-717886		ğŸ˜œ	ğŸ˜‚	ğŸ”¥	2	2	2	2	1	1	1	1	1	2	2	0	1	1	1
all-989563		ğŸ˜Š	ğŸ˜Š	ğŸ˜‰	2	2	2	2	2	2	1	1	2	1	1	2	1	1	2
crawled-63845		ğŸ”¥	â¤	ğŸ”¥	2	1	2	2	1	2	1	1	1	1	2	1	1	1	1
crawled-388519		ğŸ˜‚	ğŸ˜‚	ğŸ˜œ	2	2	2	1	1	1	1	1	1	2	2	2	2	2	1
all-772274		ğŸ˜Š	ğŸ˜‰	ğŸ˜Š	2	1	2	2	1	2	2	2	2	2	1	2	2	1	2
crawled-34198		ğŸ˜‚	ğŸ”¥	ğŸ”¥	2	2	2	2	0	0	2	1	1	2	0	0	2	0	0
all-724793		âœ¨	â¤	â¤	2	2	2	1	2	2	2	2	2	0	2	2	1	2	2
crawled-288671		ğŸ˜­	ğŸ˜‚	ğŸ˜‚	2	2	2	2	2	2	1	1	1	0	2	2	1	2	2
all-683853		ğŸ’¯	ğŸ˜‚	ğŸ“·	2	1	1	2	0	0	0	1	1	2	1	0	2	0	0
crawled-117111		ğŸ”¥	ğŸ“·	ğŸ“·	0	0	0	1	1	1	2	0	0	2	0	0	1	0	0
all-999877		âœ¨	ğŸ“·	ğŸ˜‚	2	2	2	1	2	0	1	1	1	1	1	1	2	1	0
crawled-364997		ğŸ˜‰	ğŸ˜Š	ğŸ˜Š	2	2	2	2	1	1	2	1	1	2	2	2	2	1	1
all-877919		â¤	â¤	ğŸ”¥	2	2	2	2	2	1	2	2	1	2	2	0	2	2	1
all-834117		â¤	ğŸ˜Š	ğŸ˜Š	2	2	2	2	2	2	2	2	2	1	2	2	2	1	1
crawled-222985		ğŸ˜­	ğŸ˜­	ğŸ˜‚	2	2	2	1	1	2	2	2	1	0	0	2	0	0	2
all-655450		ğŸ˜‚	âœ¨	âœ¨	2	2	2	0	2	2	1	2	2	1	2	2	1	2	2
crawled-366226		ğŸ˜‰	ğŸ˜­	ğŸ˜­	2	1	1	1	0	0	1	1	1	2	1	1	0	1	1
crawled-326433		ğŸ˜Š	ğŸ˜	ğŸ˜Š	2	1	2	2	2	2	2	1	2	2	2	2	1	2	1
all-946332		âœ¨	ğŸ”¥	ğŸ”¥	2	1	1	2	1	1	2	1	1	2	0	0	2	1	1
all-636232		ğŸ“·	ğŸ“·	ğŸ’¯	2	2	2	1	1	1	1	1	0	1	1	2	2	2	0
crawled-162632		ğŸ˜‚	ğŸ’¯	ğŸ˜‚	2	2	2	1	0	1	1	1	1	2	2	2	2	0	2
all-959202		â¤	ğŸ˜­	ğŸ˜‚	2	2	2	1	1	2	2	1	1	2	0	2	0	1	1
crawled-205165		ğŸ™Œ	ğŸ˜‚	ğŸ˜­	2	2	2	1	2	1	2	1	1	1	2	0	1	2	0
all-780391		ğŸ˜Š	ğŸ˜Š	ğŸ“·	2	2	1	2	2	1	2	2	1	2	2	0	1	1	2
all-624662		ğŸ˜Š	ğŸ“·	ğŸ˜Š	2	2	2	2	1	2	2	1	2	2	1	2	2	1	2
all-747538		âœ¨	âœ¨	ğŸ”¥	1	1	1	2	2	1	1	1	1	1	1	0	2	2	0
crawled-141000		ğŸ˜­	ğŸ˜­	ğŸ’¯	2	2	2	1	1	0	1	1	0	0	0	1	0	0	2
crawled-372500		ğŸ˜‚	ğŸ˜‰	ğŸ˜‚	0	0	0	1	1	1	1	1	1	1	1	1	1	0	1
crawled-3368		ğŸ˜‚	ğŸ˜‰	ğŸ˜‰	0	1	1	0	1	1	1	1	1	0	2	2	1	2	2
crawled-336440		ğŸ˜Š	ğŸ˜	ğŸ˜Š	1	1	1	1	1	1	2	1	2	1	2	1	1	2	1
crawled-69379		â¤	ğŸ˜‰	ğŸ˜‰	1	2	2	0	1	1	1	1	1	0	2	2	0	2	2
crawled-370576		ğŸ˜‰	ğŸ˜‚	ğŸ˜‚	2	2	2	1	2	2	1	2	2	2	2	2	1	2	2
all-910888		â¤	ğŸ“·	ğŸ“·	2	2	2	2	1	1	2	1	1	1	0	0	1	2	2
crawled-393538		ğŸ˜­	ğŸ˜œ	ğŸ˜­	2	1	2	1	0	1	1	1	1	0	1	0	0	1	0
crawled-312019		ğŸ˜­	ğŸ˜­	âœ¨	2	2	2	1	1	1	1	1	2	0	0	1	0	0	1
crawled-151087		ğŸ˜­	ğŸ’¯	ğŸ˜­	2	2	2	0	0	0	1	0	1	0	2	0	0	0	0
crawled-98271		ğŸ˜­	ğŸ˜­	â¤	2	2	2	0	0	1	1	1	1	1	1	2	0	0	1
all-1021364		â˜€	â¤	â¤	2	2	2	1	1	1	0	1	1	1	2	2	2	1	1
crawled-100339		ğŸ’¯	ğŸ’¯	â¤	2	2	2	1	1	2	0	0	1	1	1	2	0	0	2
crawled-347897		ğŸ™	â¤	â¤	2	2	2	2	1	1	0	2	2	0	2	2	1	2	2
all-719960		â¤	ğŸ˜‚	ğŸ˜‚	0	2	2	1	1	1	1	1	1	1	2	2	0	1	1
crawled-213397		ğŸ˜‚	ğŸ‰	ğŸ˜‚	2	2	2	1	0	1	2	0	2	2	1	2	1	2	1
all-861481		ğŸ˜œ	ğŸ“·	ğŸ“·	2	2	2	1	2	2	1	2	2	1	2	2	0	2	2
all-611545		ğŸ˜‚	ğŸ’¯	ğŸ˜‚	2	2	2	1	0	1	1	0	1	1	0	1	1	0	1
all-658007		ğŸ“·	ğŸ”¥	ğŸ”¥	1	2	2	0	1	1	1	1	1	0	1	1	1	1	1
all-982927		â¤	ğŸ’¯	ğŸ’¯	1	2	2	1	0	0	1	2	2	1	2	2	2	1	1
all-688439		ğŸ“·	ğŸ˜‰	ğŸ“·	2	2	2	2	2	2	2	2	2	2	1	2	2	1	2
crawled-130735		ğŸ˜‚	ğŸ˜‚	ğŸ’¯	2	2	2	1	1	0	2	2	0	2	2	1	1	1	0
all-617093		ğŸ”¥	ğŸ’¯	ğŸ”¥	2	2	2	2	1	2	1	0	1	0	1	0	2	1	2
all-1015502		ğŸ˜‚	ğŸ˜­	ğŸ˜­	2	2	2	0	1	1	1	2	2	2	0	0	2	0	0
crawled-318824		â¤	â¤	âœ¨	2	2	2	2	2	2	2	2	2	2	2	0	2	2	1
crawled-375084		ğŸ˜‚	ğŸ˜‰	ğŸ˜‚	0	0	0	1	0	1	1	0	1	2	0	2	1	0	1
crawled-112134		ğŸ”¥	ğŸ˜­	ğŸ˜­	2	2	2	0	1	1	1	1	1	0	1	1	0	0	0
crawled-354520		ğŸ“·	ğŸ’‹	ğŸ“·	0	0	0	1	0	1	1	1	1	0	0	0	2	0	2
crawled-94293		ğŸ˜­	ğŸ˜­	â¤	2	2	2	2	2	1	2	2	1	1	1	2	1	1	0
all-642205		ğŸ’¯	â¤	ğŸ’¯	2	2	2	1	2	1	0	2	0	0	1	0	0	2	0
crawled-10966		ğŸ˜Š	ğŸ˜‚	ğŸ˜Š	2	2	2	2	1	2	2	1	2	2	2	2	2	1	2
crawled-393908		ğŸ˜Š	ğŸ˜œ	ğŸ˜Š	2	2	2	0	1	0	2	1	2	1	2	1	1	0	1
all-946521		â¤	â¤	ğŸ„	2	2	2	1	1	1	2	2	0	2	2	0	2	2	1
all-658398		ğŸ˜Š	ğŸ˜Š	ğŸ˜œ	2	2	2	1	1	0	1	1	1	2	2	2	2	2	0
all-888032		ğŸ˜Š	ğŸ˜	ğŸ˜­	2	2	2	1	2	1	1	1	1	1	2	1	0	1	2
all-706081		ğŸ˜‚	ğŸ˜‚	ğŸ„	2	2	0	2	2	0	1	1	0	2	2	0	2	2	0
crawled-363081		ğŸ˜‰	ğŸ˜‚	ğŸ˜‚	2	2	2	2	1	1	1	2	2	2	1	1	2	1	1
all-903747		ğŸ’¯	ğŸ˜‰	ğŸ’¯	2	2	2	0	1	0	0	1	0	2	2	2	0	2	0
all-841579		ğŸ‰	ğŸ˜	ğŸ‰	2	2	2	2	0	2	2	1	2	2	0	2	2	0	2
all-852018		ğŸ˜œ	âœ¨	ğŸ˜‚	2	2	2	1	0	1	1	1	1	2	0	2	1	0	2
crawled-353442		ğŸ‘Œ	ğŸ”¥	ğŸ˜	1	1	1	1	2	1	1	1	1	2	0	2	0	1	2
crawled-365995		ğŸ’¯	ğŸ’¯	ğŸ˜‰	2	2	2	0	0	2	1	1	2	1	1	2	0	0	2
crawled-134717		ğŸ˜­	ğŸ’¯	ğŸ˜­	1	2	1	0	2	0	1	1	1	0	2	0	0	1	0
all-617319		â¤	â¤	ğŸ˜œ	2	2	2	1	1	0	2	2	1	2	2	2	1	1	0
all-1035239		ğŸ”¥	ğŸ“·	ğŸ”¥	2	1	2	1	0	1	1	1	1	1	0	1	1	0	1
crawled-310689		âœ¨	ğŸ˜Š	ğŸ˜Š	2	2	2	2	1	1	2	2	2	2	2	2	2	0	0
crawled-367700		ğŸ˜‰	ğŸ˜‚	ğŸ˜‚	2	2	2	2	1	1	1	2	2	0	2	2	1	2	2
crawled-206793		ğŸ™Œ	âœ¨	âœ¨	1	2	2	1	2	2	1	2	2	1	2	2	2	1	1
crawled-152966		ğŸ˜‚	ğŸ’¯	ğŸ˜‚	0	0	0	1	0	1	1	1	1	2	1	2	2	1	2
all-758201		ğŸ˜Š	ğŸ˜Š	ğŸ“·	2	2	2	2	2	0	2	2	1	2	2	0	1	1	2
all-903505		ğŸ˜Š	ğŸ˜œ	ğŸ˜Š	2	2	2	1	2	1	2	1	2	2	1	2	1	2	1
all-783815		ğŸ“·	ğŸ“·	ğŸ˜‰	2	2	2	0	0	1	1	1	2	1	1	2	2	2	1
crawled-315259		ğŸ˜Š	âœ¨	ğŸ˜­	2	2	2	0	0	2	2	2	1	0	0	2	1	0	2
all-850593		ğŸ˜Š	â˜€	ğŸ˜Š	2	2	2	1	1	1	2	0	2	2	2	2	1	2	1
crawled-385291		ğŸ˜‚	ğŸ˜‚	ğŸ˜œ	2	2	2	1	1	2	2	2	1	2	2	2	2	2	0
all-883117		ğŸ˜­	ğŸ˜‚	ğŸ˜­	1	1	1	0	0	0	2	1	2	2	1	2	0	0	0
all-610875		ğŸ„	ğŸ˜‚	ğŸ„	2	2	2	1	0	1	2	1	2	1	2	1	2	1	2
all-624633		ğŸ˜	ğŸ˜	â˜€	2	2	2	2	2	1	1	1	0	2	2	1	2	2	2
all-899065		ğŸ”¥	ğŸ”¥	ğŸ’¯	2	2	2	1	1	0	1	1	0	0	0	1	2	2	0
crawled-372172		ğŸ˜­	ğŸ˜­	ğŸ˜‰	1	1	2	0	0	2	1	1	1	0	0	2	0	0	2
crawled-4753		ğŸ’¯	ğŸ˜‚	ğŸ’¯	2	1	2	0	1	0	1	1	1	2	1	2	2	1	2
all-600447		ğŸ˜	ğŸ˜œ	ğŸ˜	2	1	2	2	0	2	1	1	1	0	2	0	1	1	1
crawled-327066		ğŸ’¯	ğŸ˜	ğŸ’¯	2	1	2	1	1	1	1	1	1	2	1	2	1	1	1
crawled-207969		ğŸ˜‚	ğŸ™Œ	ğŸ˜‚	2	2	2	1	2	1	1	1	1	2	0	2	1	0	1
all-1043236		ğŸ“·	ğŸ”¥	ğŸ”¥	2	2	2	1	0	0	1	1	1	1	2	2	0	2	2
all-890671		â¤	ğŸ“·	â¤	2	2	2	1	0	1	2	1	2	2	1	2	2	1	2
all-678947		ğŸ˜	ğŸ˜œ	ğŸ˜	2	1	2	2	0	2	1	1	1	2	2	2	2	1	2
all-872010		ğŸ˜œ	ğŸ˜‚	ğŸ˜‚	2	2	2	1	1	1	1	1	1	2	2	2	2	2	2
all-838876		ğŸ“·	ğŸ”¥	ğŸ”¥	2	2	2	0	1	1	1	2	2	1	0	0	0	1	1
all-723864		ğŸ”¥	ğŸ“·	ğŸ“·	2	2	2	2	1	1	2	1	1	1	1	1	1	2	2
all-1032366		ğŸ˜œ	â¤	ğŸ˜	2	2	2	1	2	2	1	2	1	1	2	0	1	2	2
all-1000914		ğŸ˜	ğŸ˜‰	ğŸ˜	2	2	2	2	1	2	1	2	1	1	2	1	2	1	2
all-991765		â¤	â¤	ğŸ’¯	2	2	2	2	2	1	2	2	0	2	2	1	2	2	2
crawled-25450		ğŸ˜‚	ğŸ’¯	ğŸ’¯	1	1	1	1	0	0	1	1	1	1	0	0	2	0	0
all-783086		ğŸ’¯	ğŸ“·	ğŸ“·	2	2	2	0	2	2	0	2	2	0	2	2	0	2	2
crawled-319751		ğŸ˜­	ğŸ˜­	âœ¨	1	1	2	1	1	0	1	1	1	2	2	1	2	2	0
all-820973		â¤	â¤	ğŸ”¥	2	2	2	2	2	1	2	2	2	2	2	1	2	2	1
crawled-387246		ğŸ˜‚	ğŸ˜‚	ğŸ˜œ	1	1	1	1	1	1	1	1	1	2	2	2	2	2	0
all-1015752		ğŸ˜	ğŸ„	ğŸ„	1	0	0	1	0	0	1	1	1	1	0	0	2	0	0
all-681608		ğŸ˜	ğŸ“·	ğŸ“·	1	1	1	1	2	2	1	1	1	0	1	1	1	1	1
crawled-338125		ğŸ’¯	ğŸ’¯	ğŸ˜	1	1	2	0	0	1	1	1	1	0	0	2	2	2	2
all-896733		ğŸ˜œ	ğŸ˜‚	ğŸ˜­	2	1	1	2	1	0	1	1	1	1	1	2	2	2	0
crawled-343161		ğŸ™	ğŸ’¯	ğŸ˜­	2	1	2	2	0	1	1	1	1	1	0	0	2	0	1
all-640399		ğŸ„	ğŸ„	ğŸ˜	1	1	1	1	1	1	2	2	1	1	1	1	0	0	1
crawled-119142		ğŸ”¥	ğŸ˜‚	ğŸ˜‚	1	1	1	0	1	1	1	1	1	0	2	2	0	2	2
crawled-332153		ğŸ˜Š	ğŸ˜	ğŸ˜Š	2	1	2	1	1	1	2	1	2	1	1	1	2	2	2
crawled-348746		ğŸ”¥	ğŸ™	ğŸ”¥	1	2	1	0	1	0	1	0	1	1	0	1	0	2	0
crawled-117965		ğŸ”¥	ğŸ˜Š	ğŸ˜Š	0	0	0	0	1	1	1	1	1	0	0	0	0	1	1
all-895187		â˜€	âœ¨	âœ¨	1	1	1	0	1	1	0	2	2	0	1	1	0	1	1
crawled-315420		âœ¨	â¤	â¤	1	1	1	1	2	2	2	2	2	2	1	1	1	2	2
crawled-327046		ğŸ˜Š	ğŸ˜Š	ğŸ˜	2	2	1	1	1	1	2	2	1	1	1	0	2	2	0
crawled-116186		ğŸ˜­	ğŸ˜­	ğŸ”¥	0	0	0	1	1	0	2	2	1	2	2	0	2	2	0
all-875261		ğŸ“·	ğŸ“·	ğŸ˜	1	1	1	2	2	1	1	1	1	1	1	2	1	1	1
crawled-353269		ğŸ‘Œ	ğŸ˜‚	ğŸ˜‚	2	1	1	1	1	1	2	1	1	1	0	0	0	0	0
all-682363		ğŸ˜‚	âœ¨	ğŸ˜	0	0	1	1	1	1	2	1	1	1	0	1	1	0	1
all-817215		ğŸ“·	ğŸ”¥	ğŸ”¥	1	1	1	0	0	0	1	1	1	1	1	1	1	0	0
all-927407		âœ¨	ğŸ˜	âœ¨	0	1	0	1	1	1	1	1	1	1	1	1	1	1	1
all-912100		â¤	â¤	ğŸ“·	1	1	1	1	1	2	1	1	1	1	1	1	1	1	1
all-817107		ğŸ˜	ğŸ˜‚	ğŸ˜‚	1	0	0	1	1	1	1	1	1	2	1	1	1	0	0
crawled-152254		ğŸ’¯	ğŸ˜‚	ğŸ˜‚	0	1	1	0	1	1	1	2	2	1	2	2	0	1	1
crawled-208737		ğŸ˜­	ğŸ™Œ	ğŸ’¯	0	1	1	1	1	0	2	1	0	0	1	0	0	1	0
all-1024010		ğŸ˜Š	ğŸ„	ğŸ˜Š	2	2	2	1	0	1	2	0	2	2	1	2	1	0	1
crawled-325263		ğŸ˜­	ğŸ˜­	ğŸ˜	0	0	2	1	1	1	2	2	1	0	0	2	0	0	2
all-979201		ğŸ’¯	ğŸ˜	ğŸ˜	1	1	1	0	1	1	0	1	1	0	1	1	2	0	0
crawled-205336		ğŸ”¥	ğŸ™Œ	ğŸ”¥	0	2	0	0	1	0	2	2	2	1	2	1	1	2	1
crawled-134796		ğŸ’¯	ğŸ”¥	ğŸ”¥	2	0	0	1	0	0	2	2	2	2	1	1	2	1	1
all-809588		ğŸ”¥	ğŸ”¥	ğŸ“·	1	1	1	0	0	2	1	1	1	1	1	1	0	0	1
crawled-323255		ğŸ˜­	ğŸ˜­	ğŸ˜	0	0	2	0	0	1	1	1	1	0	0	2	0	0	2
crawled-351406		ğŸ‘Œ	ğŸ˜‚	ğŸ˜‚	0	1	1	1	1	1	1	2	2	1	2	2	0	2	2
crawled-340308		ğŸ˜­	ğŸ’ª	ğŸ˜­	0	2	0	0	0	0	1	1	1	1	0	1	0	1	0
all-972520		ğŸ“·	ğŸ’¯	ğŸ“·	0	2	0	2	0	2	1	0	1	1	0	1	1	0	1
crawled-111341		ğŸ˜Š	ğŸ”¥	ğŸ˜Š	1	0	1	1	0	1	1	1	1	1	0	1	1	0	1
crawled-323186		ğŸ˜Š	ğŸ˜Š	ğŸ˜	1	1	2	1	1	1	2	2	1	1	1	1	0	0	1
crawled-143984		ğŸ˜­	ğŸ’¯	ğŸ˜­	2	0	2	0	0	0	2	0	2	1	1	1	2	0	2
all-948711		â¤	âœ¨	âœ¨	1	0	0	1	1	1	2	2	2	0	1	1	2	0	0
all-698049		ğŸ˜	â¤	â¤	0	0	0	1	1	1	1	1	1	1	0	0	1	0	0
all-958625		ğŸ”¥	ğŸ“·	ğŸ”¥	0	0	0	1	1	1	1	1	1	2	1	2	1	0	1
crawled-335483		ğŸ’¯	ğŸ’¯	ğŸ˜	0	0	1	0	0	1	0	0	1	0	0	0	0	0	1
all-991581		ğŸ˜	ğŸ“·	ğŸ˜	1	0	1	1	1	1	1	1	1	2	1	2	0	1	0
crawled-314537		âœ¨	ğŸ˜­	ğŸ˜­	0	2	2	0	1	1	1	2	2	0	1	1	1	1	1
all-918828		â¤	â˜€	â¤	2	1	2	2	1	2	2	0	2	2	1	2	2	1	2
crawled-138605		ğŸ˜Š	ğŸ’¯	ğŸ˜Š	2	1	2	1	0	1	2	0	2	2	1	2	2	1	2
crawled-133830		ğŸ˜	ğŸ˜	ğŸ’¯	2	2	1	1	1	0	2	2	0	1	1	2	1	1	1
crawled-320390		ğŸ™	âœ¨	ğŸ™	1	1	1	2	1	1	0	1	0	2	1	2	1	0	1
crawled-349335		ğŸ˜Š	ğŸ˜Š	ğŸ™	0	0	1	1	1	0	0	0	0	1	1	1	0	0	1
crawled-350442		ğŸ˜‚	ğŸ˜‚	ğŸ‘Œ	0	0	0	1	1	0	0	0	0	1	1	1	0	0	1
all-856677		ğŸ˜Š	ğŸ˜Š	ğŸ“·	2	2	1	2	1	1	2	2	0	2	2	1	2	2	1
crawled-311434		âœ¨	ğŸ˜­	ğŸ˜­	0	0	0	1	1	1	1	0	0	0	1	1	1	1	1
all-1055147		ğŸ“·	ğŸ’¯	ğŸ’¯	0	2	2	2	0	0	0	0	0	0	0	0	0	2	2
crawled-350959		ğŸ‘Œ	ğŸ˜‚	ğŸ˜‚	2	0	0	2	1	1	2	0	0	2	2	2	1	2	2
all-997973		ğŸ˜Š	ğŸ˜Š	ğŸ’¯	0	0	1	1	1	0	1	1	0	2	2	1	1	1	1
all-804078		ğŸ”¥	ğŸ’¯	ğŸ’¯	0	0	0	0	0	0	0	0	0	0	0	0	0	0	0
all-766845		â¤	â¤	ğŸ’¯	2	2	2	1	1	0	0	0	0	0	0	0	1	1	1
all-1019914		ğŸ˜‚	ğŸ’¯	ğŸ˜‚	0	0	0	1	0	1	2	0	2	0	2	0	1	2	1
all-633182		â¤	â¤	ğŸ”¥	2	2	2	1	1	0	2	2	0	2	2	0	2	2	0
all-1038280		ğŸ“·	â˜€	â˜€	1	2	2	2	2	2	0	2	2	1	2	2	1	2	2
all-933384		ğŸ”¥	â¤	â¤	1	1	1	0	1	1	0	2	2	1	1	1	0	2	2
all-668299		â¤	â¤	â˜€	1	1	2	2	2	2	0	0	2	1	1	2	2	2	2
crawled-314906		ğŸ˜­	âœ¨	ğŸ˜­	1	2	1	1	1	1	2	0	2	1	2	1	2	1	2
crawled-208736		ğŸ˜Š	ğŸ˜Š	ğŸ™Œ	2	2	2	1	1	1	2	2	2	2	2	2	2	2	2
crawled-151041		ğŸ’¯	ğŸ˜­	ğŸ’¯	0	2	0	0	1	0	0	2	0	0	1	0	0	2	0
all-950546		ğŸ˜‚	ğŸ˜‚	ğŸ“·	0	0	1	1	1	2	0	0	1	0	0	1	0	0	1
all-757668		ğŸ˜‚	ğŸ“·	ğŸ˜‚	1	1	1	1	2	1	2	0	2	0	1	0	0	1	0
all-744170		ğŸ“·	ğŸ˜Š	ğŸ˜Š	1	1	1	1	1	1	0	1	1	1	2	2	2	1	1
all-645945		âœ¨	ğŸ“·	ğŸ“·	0	1	1	1	2	2	2	0	0	1	1	1	1	2	2
crawled-156960		ğŸ’¯	ğŸ”¥	ğŸ”¥	1	1	1	0	1	1	0	0	0	0	1	1	0	1	1
crawled-158110		ğŸ’¯	ğŸ˜­	ğŸ˜­	0	1	1	0	1	1	0	0	0	1	1	1	0	1	1
all-1016565		â¤	â¤	ğŸ“·	1	1	1	2	2	2	2	2	0	2	2	1	2	2	1
all-981060		ğŸ’¯	ğŸ”¥	ğŸ’¯	1	0	1	0	0	0	1	0	1	2	0	2	1	0	1
crawled-120070		ğŸ˜­	ğŸ˜­	ğŸ”¥	1	1	1	0	0	0	0	0	0	1	1	1	1	1	1
all-928741		ğŸ˜Š	ğŸ“·	ğŸ˜Š	1	2	1	1	2	1	1	2	1	2	1	2	1	2	1
all-872686		â¤	ğŸ˜‰	ğŸ“·	1	1	2	2	2	2	2	2	2	0	1	2	1	1	2
crawled-317859		âœ¨	ğŸ™	ğŸ™	2	2	2	1	2	2	1	0	0	1	2	2	0	2	2
crawled-116101		ğŸ’¯	ğŸ”¥	ğŸ’¯	0	0	0	0	0	0	0	0	0	1	0	1	0	0	0
all-1012550		ğŸ”¥	ğŸ„	âœ¨	0	0	1	1	0	1	0	0	1	0	1	0	0	0	1
crawled-113041		ğŸ”¥	ğŸ’¯	ğŸ’¯	1	1	1	0	0	0	1	0	0	1	0	0	1	0	0
all-972205		ğŸ˜‚	ğŸ„	ğŸ˜‚	2	0	2	1	0	1	1	0	1	2	0	2	1	0	1
all-969302		ğŸ“·	ğŸ”¥	ğŸ”¥	2	1	1	2	1	1	2	0	0	2	0	0	2	0	0
all-783556		ğŸ˜Š	ğŸ˜Š	ğŸ“·	1	1	1	1	1	2	1	1	2	2	2	1	1	1	0
all-869347		â˜€	â¤	â¤	0	1	1	1	1	1	0	2	2	0	1	1	0	1	1
crawled-341268		ğŸ˜‚	ğŸ˜‚	ğŸ’ª	1	1	0	1	1	1	2	2	2	2	2	0	1	1	0
crawled-117582		ğŸ’¯	ğŸ’¯	ğŸ”¥	1	1	1	0	0	0	0	0	0	0	0	0	0	0	0
all-758975		ğŸ“·	âœ¨	ğŸ“·	0	0	0	1	0	1	0	0	0	1	0	1	2	0	2
all-797423		â¤	â¤	ğŸ“·	2	2	1	2	2	2	2	2	2	2	2	2	2	2	2
crawled-121139		ğŸ˜Š	ğŸ˜Š	ğŸ”¥	1	1	1	1	1	0	1	1	0	2	2	0	1	1	1
all-785439		ğŸ’ª	ğŸ’ª	ğŸ“·	2	2	0	1	1	1	0	0	0	2	2	1	2	2	1
all-1026362		â¤	â˜€	â¤	1	0	1	2	0	2	2	0	2	2	0	2	2	0	2
all-841826		ğŸ“·	ğŸ”¥	ğŸ“·	0	1	0	1	0	1	0	0	0	1	1	1	2	1	2
crawled-361621		ğŸ˜	ğŸ˜	â˜€	2	2	2	2	2	1	2	2	0	2	2	1	2	2	2
crawled-205706		ğŸ™Œ	ğŸ˜Š	ğŸ˜Š	1	1	1	1	1	1	1	0	0	1	2	2	1	1	1
crawled-209007		ğŸ˜Š	ğŸ˜Š	ğŸ™Œ	1	1	2	2	2	2	2	2	2	2	2	2	1	1	1
all-998297		ğŸ˜­	â˜€	ğŸ˜­	1	2	1	2	1	2	1	1	1	2	0	2	1	1	1
crawled-312972		âœ¨	ğŸ“·	ğŸ“·	1	2	2	1	2	2	0	2	2	1	2	2	1	2	2
all-793480		â¤	â¤	ğŸ“·	0	0	0	1	1	1	0	0	0	0	0	1	0	0	1
all-699441		â¤	â¤	ğŸ“·	1	1	1	2	2	2	2	2	0	1	1	1	1	1	1
all-881766		âœ¨	âœ¨	ğŸ“·	2	2	1	2	2	2	2	2	0	1	1	1	1	1	0
all-999539		ğŸ’¯	ğŸ’¯	âœ¨	0	0	0	0	0	1	0	0	1	0	0	1	0	0	0
all-661774		âœ¨	ğŸ˜Š	ğŸ˜Š	0	1	1	1	1	1	0	1	1	1	2	2	0	1	1
all-800979		âœ¨	â¤	â¤	0	0	0	1	1	1	0	2	2	1	2	2	0	1	1
crawled-208550		ğŸ˜­	ğŸ˜­	ğŸ™Œ	0	0	1	1	1	0	0	0	2	1	1	1	1	1	1
crawled-313647		ğŸ˜Š	âœ¨	ğŸ˜Š	1	1	1	1	1	1	2	0	2	2	0	2	2	0	2
all-673226		â¤	âœ¨	â¤	1	1	1	1	1	1	0	0	0	2	2	2	2	1	2
crawled-349962		ğŸ˜	ğŸ˜	ğŸ‘Œ	2	2	2	1	1	0	2	2	2	1	1	2	2	2	1
all-831316		ğŸ˜‰	âœ¨	ğŸ˜‰	2	0	2	2	1	2	2	0	2	2	0	2	1	0	1
crawled-318011		âœ¨	ğŸ˜	ğŸ˜	1	2	2	1	2	2	0	2	2	0	2	2	1	1	1
all-605317		ğŸ“·	âœ¨	ğŸ“·	1	1	1	2	1	2	1	2	1	1	1	1	1	0	1
all-1030645		ğŸ˜	ğŸ˜	âœ¨	1	1	1	2	2	1	1	1	0	1	1	0	1	1	0
crawled-358584		â˜€	ğŸ˜­	ğŸ˜­	2	0	0	1	1	1	1	0	0	0	2	2	2	1	1
all-760309		ğŸ„	ğŸ˜‚	ğŸ˜‚	0	0	0	0	1	1	0	0	0	0	0	0	0	1	1
all-737463		ğŸ˜Š	â˜€	ğŸ˜Š	2	2	2	1	1	1	2	2	2	2	2	2	1	2	1
crawled-352901		ğŸ‘Œ	ğŸ˜Š	ğŸ˜Š	2	2	2	1	1	1	2	2	2	1	2	2	1	2	2
crawled-359657		â˜€	ğŸ˜	ğŸ˜	1	1	1	1	1	1	0	2	2	1	2	2	1	1	1
all-963114		ğŸ„	â¤	â¤	1	1	1	1	2	2	2	2	2	1	2	2	1	2	2
crawled-311699		ğŸ“·	ğŸ“·	âœ¨	0	0	0	1	1	1	1	1	0	1	1	0	1	1	0
crawled-357569		â˜€	ğŸ“·	ğŸ“·	0	2	2	1	2	2	0	0	0	0	2	2	0	2	2
all-767408		âœ¨	ğŸ„	ğŸ„	1	2	2	1	1	1	2	2	2	1	2	2	1	2	2
all-952321		ğŸ’¯	ğŸ’¯	âœ¨	1	1	1	0	0	1	0	0	2	2	2	1	1	1	0
crawled-355616		ğŸ˜­	ğŸ’‹	ğŸ˜­	2	2	2	1	2	1	0	1	0	2	2	2	0	2	0
crawled-356658		ğŸ’‹	ğŸ˜Š	ğŸ˜Š	0	2	2	1	1	1	0	1	1	1	2	2	1	1	1
crawled-349514		ğŸ˜­	ğŸ™	ğŸ˜­	1	0	1	1	1	1	0	0	0	2	0	2	1	1	1
crawled-349324		ğŸ™	ğŸ™	ğŸ˜­	2	2	0	2	2	1	2	2	0	2	2	0	2	2	0
crawled-207915		â¤	â¤	ğŸ™Œ	1	1	2	1	1	1	2	2	0	1	1	1	2	2	1
crawled-205950		ğŸ“·	ğŸ™Œ	ğŸ“·	0	0	0	1	1	1	0	2	0	2	1	2	0	1	0
crawled-343077		ğŸ˜‚	ğŸ™	ğŸ˜‚	0	1	0	1	1	1	0	0	0	2	2	2	0	2	0
all-908966		â˜€	ğŸ“·	ğŸ“·	1	0	0	1	1	1	2	2	2	2	1	1	2	1	1
crawled-359316		ğŸ˜­	ğŸ˜­	â˜€	0	0	0	1	1	1	0	0	0	1	1	0	0	0	2
crawled-207919		ğŸ™Œ	ğŸ˜Š	ğŸ˜Š	1	1	1	1	1	1	2	1	1	1	1	1	1	1	1
all-790251		â˜€	â¤	â¤	1	1	1	1	1	1	0	0	0	1	1	1	2	1	1
crawled-346838		ğŸ™	ğŸ˜­	ğŸ˜­	0	1	1	0	1	1	0	0	0	1	2	2	1	2	2
all-655216		ğŸ˜	â˜€	ğŸ˜	2	2	2	2	2	2	2	2	2	2	2	2	1	2	1
all-946433		â¤	â¤	ğŸ„	1	1	2	1	1	1	0	0	0	1	1	1	1	1	1
crawled-353721		ğŸ’‹	â¤	â¤	0	2	2	1	2	2	0	2	2	1	2	2	0	2	2
all-669886		â¤	â˜€	â¤	2	0	2	2	1	2	2	0	2	2	0	2	2	0	2
crawled-215975		ğŸ˜­	ğŸ‰	ğŸ˜­	0	0	0	1	1	1	0	0	0	0	1	0	0	1	0
crawled-359637		ğŸ’¯	â˜€	ğŸ’¯	1	0	1	0	1	0	0	2	0	2	2	2	2	0	2
all-1042468		ğŸ”¥	â˜€	ğŸ”¥	0	1	0	0	1	0	0	2	0	0	1	0	0	2	0
crawled-357786		ğŸ˜­	â˜€	ğŸ”¥	1	1	0	0	1	0	0	0	0	1	0	1	0	0	1
all-625987		ğŸ“·	ğŸ“·	â˜€	1	1	1	2	2	1	2	2	0	1	1	1	2	2	1
crawled-352489		ğŸ˜‚	ğŸ˜‚	ğŸ‘Œ	1	1	1	1	1	0	0	0	0	0	0	1	2	2	1
crawled-208526		ğŸ™Œ	ğŸ”¥	ğŸ”¥	2	0	0	2	1	1	2	0	0	1	1	1	1	1	1
crawled-349072		ğŸ™	ğŸ˜­	ğŸ™	2	0	2	2	0	2	1	0	1	2	1	2	2	1	2
crawled-205730		ğŸ˜Š	ğŸ˜­	ğŸ™Œ	1	0	2	1	1	1	1	0	2	2	1	2	2	0	1
crawled-343669		ğŸ™	ğŸ˜­	ğŸ˜­	2	0	0	2	1	1	2	0	0	2	2	2	2	0	0
crawled-342365		ğŸ™	ğŸ˜Š	ğŸ˜Š	1	1	1	1	1	1	0	1	1	1	1	1	2	1	1
crawled-341344		ğŸ’ª	ğŸ˜Š	ğŸ˜Š	2	1	1	2	1	1	2	1	1	2	1	1	2	1	1
crawled-359126		ğŸ˜Š	â˜€	ğŸ˜Š	2	1	2	2	2	2	2	2	2	2	2	2	2	2	2
crawled-343917		ğŸ„	ğŸ™	ğŸ„	0	1	0	1	2	1	0	1	0	0	2	0	0	1	0
all-765497		ğŸ˜Š	â˜€	ğŸ˜Š	1	2	1	2	2	2	1	1	1	2	2	2	2	2	2
crawled-349834		ğŸ™	ğŸ˜Š	ğŸ˜Š	2	2	2	2	2	2	2	2	2	1	2	2	2	1	1
crawled-353894		ğŸ˜‚	ğŸ˜‚	ğŸ’‹	0	0	2	1	1	1	0	0	0	1	1	1	0	0	1
crawled-361462		ğŸ˜­	ğŸ˜­	â˜€	0	0	0	0	0	1	0	0	0	0	0	1	0	0	2
crawled-355260		ğŸ˜Š	ğŸ˜Š	ğŸ’‹	0	0	0	1	1	1	0	0	0	2	2	0	1	1	0
crawled-357279		ğŸ˜­	â˜€	ğŸ˜­	1	2	1	1	1	1	0	2	0	1	2	1	1	2	1
crawled-357041		ğŸ’‹	ğŸ˜­	ğŸ˜­	0	0	0	1	1	1	0	0	0	1	0	0	1	0	0
crawled-207495		ğŸ“·	ğŸ“·	ğŸ™Œ	0	0	0	1	1	1	0	0	2	0	0	1	0	0	1
crawled-348315		ğŸ’¯	ğŸ’¯	ğŸ™	0	0	2	0	0	1	0	0	2	0	0	2	0	0	1
crawled-356838		ğŸ˜­	ğŸ˜­	ğŸ’‹	1	1	0	1	1	1	0	0	0	2	2	1	2	2	1
crawled-205683		ğŸ˜Š	ğŸ˜Š	ğŸ™Œ	1	1	1	1	1	1	0	1	2	2	2	1	1	1	2
crawled-216213		ğŸ˜­	ğŸ‰	ğŸ˜­	0	1	0	0	1	0	1	0	0	1	0	1	0	2	0
crawled-344060		ğŸ™	ğŸ˜Š	ğŸ˜Š	1	1	1	1	1	1	0	1	1	2	1	1	2	1	1
all-719649		â¤	â¤	â˜€	0	0	1	1	1	1	2	2	0	2	2	0	2	2	2
crawled-355555		ğŸ’‹	âœ¨	ğŸ˜­	0	0	0	1	1	1	0	0	0	1	0	0	1	0	0
crawled-209110		ğŸ˜Š	ğŸ™Œ	ğŸ˜Š	1	1	1	1	1	1	1	2	1	2	1	2	1	1	1
crawled-343005		ğŸ™	ğŸ’¯	ğŸ’¯	1	1	1	2	0	0	2	2	2	1	2	2	1	0	0
crawled-213605		ğŸ“·	ğŸ‰	ğŸ“·	2	2	2	2	2	2	2	2	2	2	2	2	1	2	1
crawled-211815		ğŸ˜­	ğŸ˜Š	ğŸ‰	2	1	0	0	2	1	0	2	0	1	2	0	0	1	1
crawled-351916		ğŸ˜‚	ğŸ˜‚	ğŸ‘Œ	1	1	2	1	1	2	2	2	0	2	2	1	0	0	1
crawled-209207		ğŸ™Œ	ğŸ˜­	ğŸ˜­	0	0	0	1	1	1	0	0	0	1	0	0	1	0	0
crawled-346341		ğŸ™	ğŸ’¯	ğŸ’¯	2	1	1	2	0	0	2	0	0	2	0	0	2	0	0
crawled-350822		ğŸ’¯	ğŸ’¯	ğŸ‘Œ	0	0	0	0	0	1	0	0	0	0	0	2	0	0	0
crawled-349783		ğŸ’¯	ğŸ’¯	ğŸ™	0	0	0	0	0	0	0	0	0	0	0	0	0	0	0
crawled-214170		ğŸ˜­	ğŸ‰	ğŸ˜­	0	2	0	0	2	0	0	2	0	0	1	0	0	2	0
all-861635		âœ¨	â˜€	âœ¨	0	0	0	1	1	1	0	2	0	1	2	1	1	1	1
all-595057		ğŸ”¥	â˜€	ğŸ”¥	0	1	0	0	1	0	0	0	0	1	0	1	1	1	1
crawled-353012		ğŸ‘Œ	ğŸ˜­	ğŸ˜­	2	0	0	1	0	0	0	0	0	1	0	0	2	0	0
crawled-206931		â¤	â¤	ğŸ™Œ	0	0	1	1	1	2	0	0	0	0	0	1	1	1	2
crawled-350012		ğŸ˜‚	ğŸ˜‚	ğŸ‘Œ	1	1	1	1	1	0	0	0	0	1	1	1	1	1	1
crawled-350838		ğŸ‘Œ	ğŸ˜‰	ğŸ’¯	0	2	0	2	1	0	0	0	0	1	2	1	1	1	1
crawled-354618		ğŸ’‹	ğŸ“·	ğŸ“·	0	0	0	1	1	1	0	0	0	0	1	1	0	0	0
crawled-361484		ğŸ˜‚	ğŸ˜‚	â˜€	1	1	1	2	2	1	0	0	0	2	2	1	2	2	1
crawled-205215		ğŸ™Œ	ğŸ˜‚	ğŸ”¥	1	1	2	1	1	0	2	0	0	2	1	0	2	0	0
all-897982		â˜€	ğŸ“·	ğŸ“·	1	1	1	1	2	2	0	1	1	1	1	1	1	1	1
crawled-205951		ğŸ“·	ğŸ™Œ	ğŸ“·	1	0	1	2	1	2	0	2	0	2	0	2	0	1	0
crawled-353135		ğŸ˜Š	ğŸ‘Œ	ğŸ˜Š	2	2	2	1	1	1	1	1	1	1	0	1	2	1	2
crawled-213003		ğŸ‰	ğŸ˜Š	ğŸ˜Š	1	1	1	1	1	1	0	2	2	1	2	2	2	1	1
all-951889		â˜€	ğŸ˜‚	ğŸ˜‚	2	1	1	2	1	1	2	0	0	2	2	2	2	1	1
crawled-357107		â¤	â¤	ğŸ’‹	1	1	0	2	2	2	0	0	2	2	2	2	1	1	1
crawled-212501		ğŸ˜Š	ğŸ˜Š	ğŸ‰	1	1	1	1	1	1	2	2	0	2	2	0	1	1	1
crawled-348928		ğŸ˜­	ğŸ™	ğŸ˜­	2	2	2	2	2	2	2	0	2	2	2	2	1	2	1
crawled-343855		ğŸ™	âœ¨	ğŸ”¥	1	2	1	1	1	1	2	0	0	0	2	1	1	0	1
crawled-208304		ğŸ˜‚	ğŸ˜‚	ğŸ™Œ	0	0	0	1	1	0	0	0	0	2	2	0	1	1	1
crawled-215103		ğŸ˜Š	ğŸ‰	ğŸ˜Š	1	2	1	1	1	1	2	0	2	2	1	2	1	1	1
crawled-343154		ğŸ™	ğŸ™Œ	ğŸ™Œ	2	2	2	1	1	1	2	2	2	1	2	2	2	1	1
crawled-350794		ğŸ’¯	ğŸ’¯	ğŸ‘Œ	1	1	1	0	0	0	0	0	0	0	0	1	1	1	1
crawled-359030		â˜€	ğŸ˜Š	ğŸ˜Š	1	2	2	2	1	1	2	2	2	2	2	2	2	1	1
crawled-357074		ğŸ˜Š	ğŸ˜Š	ğŸ’‹	1	1	1	1	1	1	2	2	0	2	2	1	1	1	0
crawled-360516		ğŸ˜­	â˜€	ğŸ˜­	0	0	0	0	2	0	0	2	0	1	1	1	0	1	0
crawled-215761		ğŸ˜‚	ğŸ‰	ğŸ˜‚	0	0	0	2	1	2	0	0	0	2	0	2	2	1	2
crawled-351903		ğŸ˜­	ğŸ˜­	ğŸ‘Œ	2	2	1	2	2	0	0	0	0	2	2	1	2	2	1
crawled-321678		â„	ğŸ˜­	ğŸ˜­	0	2	2	1	1	1	0	0	0	0	2	2	0	1	1
crawled-206499		ğŸ˜­	ğŸ”¥	ğŸ™Œ	0	1	1	0	2	1	0	0	2	2	0	0	0	1	1
crawled-341857		ğŸ’ª	ğŸ’¯	ğŸ’¯	2	1	1	0	0	0	2	0	0	1	1	1	2	0	0
crawled-344522		ğŸ™	ğŸ˜Š	ğŸ˜Š	1	1	1	0	1	1	0	2	2	0	2	2	1	1	1
crawled-352492		ğŸ‘Œ	ğŸ’ª	ğŸ’ª	1	2	2	1	1	1	0	2	2	0	1	1	0	1	1
crawled-341342		ğŸ’ª	ğŸ’¯	ğŸ’¯	0	0	0	0	0	0	0	0	0	1	1	1	1	0	0
crawled-208475		ğŸ˜­	ğŸ˜­	ğŸ™Œ	0	0	2	0	0	1	0	0	2	0	0	2	0	0	1
crawled-206524		ğŸ™Œ	â˜€	â˜€	2	2	2	2	1	1	2	2	2	2	1	1	2	1	1
crawled-355436		ğŸ˜Š	ğŸ’‹	ğŸ˜Š	2	1	2	1	2	1	2	2	2	1	2	1	0	2	0
crawled-352556		ğŸ‘Œ	ğŸ˜‚	ğŸ˜‚	1	1	1	2	1	1	0	0	0	2	2	2	2	1	1
crawled-340652		ğŸ˜Š	ğŸ’ª	ğŸ˜Š	1	0	1	1	1	1	2	0	2	2	0	2	2	0	2
all-921806		ğŸ˜Š	ğŸ˜Š	â˜€	2	2	0	2	2	1	2	2	0	2	2	0	2	2	1
crawled-204824		ğŸ’¯	ğŸ’¯	ğŸ™Œ	0	0	1	0	0	1	0	0	2	1	1	1	0	0	1
all-810317		â˜€	ğŸ˜Š	ğŸ˜Š	1	1	1	2	2	2	2	2	2	2	2	2	0	1	1
crawled-213281		ğŸ˜	ğŸ‰	ğŸ˜	2	2	2	1	1	1	2	0	2	1	0	1	1	0	1
all-921703		â˜€	â¤	â¤	2	1	1	2	2	2	2	0	0	2	1	1	2	1	1
crawled-350382		ğŸ˜­	ğŸ˜­	ğŸ‘Œ	2	2	0	1	1	0	2	2	0	2	2	0	2	2	1
crawled-217538		ğŸ‰	ğŸ˜Š	ğŸ˜Š	1	1	1	0	1	1	2	2	2	0	2	2	0	1	1
crawled-206109		ğŸ™Œ	ğŸ˜­	ğŸ˜­	1	2	2	1	0	0	2	0	0	1	1	1	1	0	0
all-938001		â˜€	ğŸ„	â˜€	2	0	2	1	1	1	2	0	2	2	0	2	1	1	1
crawled-217549		ğŸ˜Š	ğŸ‰	ğŸ˜Š	2	2	2	1	0	1	2	0	2	2	2	2	1	1	1
crawled-209087		ğŸ™Œ	â¤	ğŸ˜­	2	1	0	1	1	1	2	0	0	1	0	0	1	0	0
crawled-321697		â„	ğŸ„	ğŸ„	0	0	0	1	0	0	0	0	0	0	0	0	0	0	0
crawled-351326		ğŸ‘Œ	ğŸ˜‰	ğŸ˜‰	1	2	2	0	1	1	0	2	2	1	1	1	1	1	1
crawled-214797		ğŸ˜­	ğŸ˜­	ğŸ‰	0	0	2	0	0	1	0	0	2	1	1	2	1	1	2
all-974412		â¤	ğŸ„	â¤	1	1	1	2	1	2	0	0	0	1	0	1	1	1	1
crawled-206661		ğŸ˜­	ğŸ˜­	ğŸ™Œ	0	0	1	0	0	1	0	0	2	0	0	1	0	0	1
crawled-352975		ğŸ‘Œ	ğŸ˜­	ğŸ˜­	1	0	0	1	0	0	0	0	0	1	0	0	1	0	0
crawled-354252		ğŸ˜‚	ğŸ’‹	ğŸ˜‚	0	0	0	1	1	1	0	0	0	1	0	1	0	0	0
crawled-213222		ğŸ™Œ	ğŸ‰	ğŸ™Œ	1	2	1	2	1	2	2	2	2	2	0	2	1	1	1
all-882027		ğŸ˜‚	ğŸ˜‚	â˜€	0	0	0	1	1	1	0	0	0	0	0	0	0	0	1
all-979054		â¤	â¤	â˜€	1	1	2	1	1	1	2	2	2	1	1	2	1	1	1
crawled-353260		ğŸ˜­	ğŸ˜­	ğŸ‘Œ	0	0	0	1	1	1	0	0	0	1	1	1	0	0	1
crawled-205012		â˜€	ğŸ™Œ	â˜€	2	1	2	2	1	2	2	2	2	2	1	2	2	1	2
crawled-344371		ğŸ™	â¤	â¤	0	2	2	1	2	2	0	2	2	0	2	2	1	2	2
crawled-211987		ğŸ‰	ğŸ‰	ğŸ˜­	1	1	0	1	1	0	2	2	0	2	2	0	2	2	0
all-1040032		ğŸ’‹	ğŸ’‹	ğŸ„	0	0	2	1	1	1	0	0	2	2	2	1	2	2	0
crawled-352367		ğŸ˜Š	ğŸ˜Š	ğŸ‘Œ	1	1	1	1	1	1	2	2	2	0	0	1	1	1	1
crawled-216595		ğŸ™	ğŸ™	ğŸ‰	2	2	1	1	1	1	2	2	0	2	2	1	2	2	1
crawled-349927		ğŸ˜Š	ğŸ˜Š	ğŸ‘Œ	1	1	1	2	2	2	2	2	2	2	2	2	1	1	1
crawled-351181		ğŸ’¯	ğŸ’¯	ğŸ‘Œ	0	0	0	0	0	0	0	0	0	1	1	1	0	0	1
crawled-341112		ğŸ˜­	ğŸ˜­	ğŸ’ª	1	1	1	1	1	1	0	0	2	0	0	2	0	0	1
crawled-209278		ğŸ™Œ	ğŸ’¯	ğŸ’¯	1	2	2	1	0	0	2	2	2	1	1	1	1	1	1
crawled-341575		ğŸ’ª	ğŸ“·	ğŸ˜‚	0	0	1	1	1	1	0	0	0	1	0	1	0	0	1
crawled-216208		ğŸ‰	ğŸ˜Š	ğŸ˜Š	1	2	2	1	2	2	0	2	2	1	2	2	2	1	1
crawled-352470		ğŸ‘Œ	ğŸ˜­	ğŸ˜­	0	1	1	1	0	0	1	0	0	1	0	0	1	1	1
crawled-217459		ğŸ„	ğŸ‰	ğŸ„	2	1	2	1	1	1	0	0	0	1	1	1	1	2	1
crawled-205417		ğŸ™Œ	ğŸ˜‚	ğŸ˜‚	0	1	1	1	2	2	0	2	2	0	2	2	0	2	2
crawled-216246		ğŸ‰	ğŸ˜­	ğŸ˜­	1	0	0	1	0	0	0	0	0	0	0	0	1	0	0
crawled-344369		ğŸ™	ğŸ˜‚	ğŸ˜‚	0	0	0	0	1	1	0	0	0	1	2	2	0	1	1
crawled-215815		ğŸ˜Š	ğŸ˜Š	ğŸ‰	2	2	0	1	1	1	2	2	0	2	2	0	2	2	2
crawled-208496		ğŸ“·	ğŸ™Œ	ğŸ“·	0	0	0	2	2	2	0	2	0	0	2	0	0	2	0
all-759657		ğŸ˜Š	ğŸ”¥	ğŸ„	1	2	1	1	0	1	0	0	0	2	1	0	1	1	2
crawled-205614		ğŸ˜Š	ğŸ˜Š	ğŸ™Œ	2	2	0	1	1	1	2	2	2	2	2	1	2	2	1
crawled-343250		ğŸ˜Š	ğŸ™	ğŸ˜Š	1	2	1	1	1	1	0	1	0	2	1	2	2	1	2
crawled-341128		ğŸ’ª	ğŸ˜‚	ğŸ˜‚	0	1	1	1	1	1	0	0	0	1	1	1	1	1	1
all-854176		â¤	ğŸ„	â¤	0	1	0	2	2	2	2	0	2	2	1	2	2	1	2
crawled-206150		ğŸ™Œ	ğŸ˜Š	ğŸ˜Š	0	1	1	1	1	1	0	0	0	1	1	1	1	1	1
crawled-205676		ğŸ˜‚	ğŸ™Œ	ğŸ˜‚	1	0	1	1	1	1	0	0	0	2	0	2	1	1	1
crawled-351090		â¤	ğŸ‘Œ	â¤	1	1	1	2	1	2	2	2	2	2	1	2	2	1	2
crawled-208479		ğŸ™Œ	ğŸ’¯	ğŸ’¯	1	1	1	1	0	0	2	0	0	2	1	1	0	1	1
all-970775		â˜€	ğŸ„	â˜€	2	0	2	1	0	1	2	0	2	1	0	1	2	1	2
crawled-347224		ğŸ™	ğŸ’‹	ğŸ’‹	2	2	2	2	2	2	0	0	0	2	1	1	1	2	2
crawled-342089		âœ¨	âœ¨	ğŸ™	1	1	2	1	1	2	2	2	2	1	1	2	1	1	2
crawled-205378		ğŸ˜Š	ğŸ˜Š	ğŸ™Œ	2	2	1	2	2	2	2	2	2	2	2	1	2	2	2
all-644469		ğŸ„	â¤	â¤	0	2	2	1	1	1	0	0	0	0	1	1	1	1	1
crawled-352818		ğŸ‘Œ	ğŸ’¯	ğŸ’¯	2	1	1	1	0	0	0	0	0	2	1	1	1	1	1
crawled-205573		ğŸ˜‚	ğŸ™Œ	ğŸ˜‚	1	1	1	1	0	1	0	2	0	1	2	1	2	1	2
crawled-217507		ğŸ‰	ğŸ’¯	ğŸ’¯	1	2	2	0	0	0	0	0	0	1	0	0	1	2	2
crawled-340991		ğŸ˜Š	ğŸ’ª	ğŸ˜Š	1	0	1	1	0	1	0	0	0	1	0	1	2	1	2
all-752930		ğŸ„	ğŸ„	â¤	2	2	2	2	2	2	2	2	2	2	2	1	1	1	2
crawled-350685		ğŸ‘Œ	â„	â„	1	2	2	0	1	1	0	0	0	1	1	1	1	2	2
crawled-205821		ğŸ™	ğŸ™Œ	ğŸ™	2	2	2	2	2	2	2	0	2	2	0	2	2	2	2
crawled-207521		ğŸ˜­	ğŸ™Œ	ğŸ˜­	1	2	1	1	1	1	0	2	0	1	2	1	1	1	1
all-1039171		â¤	â¤	ğŸ„	1	1	2	1	1	1	0	0	0	1	1	2	1	1	1
crawled-356058		â¤	â¤	ğŸ’‹	2	2	1	1	1	1	2	2	0	2	2	2	2	2	1
crawled-345382		ğŸ’¯	ğŸ™	ğŸ’¯	1	1	1	0	1	0	0	0	0	1	0	1	1	2	1
crawled-347846		ğŸ˜­	ğŸ˜­	ğŸ™	0	0	0	0	0	1	0	0	0	0	0	1	1	1	1
crawled-343294		ğŸ™	ğŸ˜­	ğŸ˜­	2	0	0	1	0	0	2	0	0	2	0	0	1	1	1
crawled-212475		ğŸ˜‚	ğŸ‰	ğŸ˜‚	1	0	1	1	0	1	0	0	0	1	1	1	2	2	2
crawled-212859		ğŸ˜­	ğŸ‰	ğŸ˜­	0	0	0	0	0	0	0	0	0	1	0	1	1	1	1
crawled-355165		ğŸ˜‚	ğŸ˜‚	ğŸ’‹	0	0	0	0	0	1	0	0	0	1	1	0	1	1	1
crawled-341393		ğŸ’ª	ğŸ’¯	ğŸ’¯	2	1	1	1	0	0	0	0	0	0	1	1	1	2	2
crawled-355490		ğŸ’‹	â¤	â¤	2	2	2	1	1	1	0	0	0	2	2	2	1	1	1
crawled-214535		ğŸ‰	ğŸ˜­	ğŸ˜­	0	1	1	0	0	0	0	0	0	0	1	1	1	1	1
crawled-356603		ğŸ’‹	ğŸ˜‚	ğŸ˜‚	0	0	0	0	1	1	0	0	0	2	1	1	1	1	1
crawled-341304		ğŸ’¯	ğŸ’¯	ğŸ’ª	1	1	2	0	0	1	0	0	2	0	0	1	0	0	2
crawled-215979		ğŸ‰	ğŸ˜Š	ğŸ˜Š	1	2	2	0	1	1	0	2	2	0	2	2	2	2	2
crawled-206910		ğŸ‰	ğŸ™Œ	ğŸ‰	2	1	2	2	2	2	2	2	2	2	1	2	2	2	2
crawled-356714		ğŸ’‹	ğŸ’‹	â¤	0	0	0	0	0	1	0	0	2	2	2	1	1	1	1
crawled-207098		ğŸ™	ğŸ™	ğŸ™Œ	2	2	2	2	2	2	0	0	2	2	2	2	2	2	2
crawled-352258		ğŸ‘Œ	ğŸ’¯	ğŸ’¯	2	2	2	1	0	0	2	0	0	2	1	1	1	2	2
all-971722		âœ¨	ğŸ„	âœ¨	2	0	2	1	1	1	2	0	2	2	0	2	2	1	2
crawled-341516		ğŸ’¯	ğŸ’¯	ğŸ’ª	2	2	2	0	0	2	0	0	2	0	0	2	2	2	2
crawled-212049		ğŸ˜Š	ğŸ‰	ğŸ˜Š	2	0	2	2	1	2	2	0	2	2	2	2	2	2	2
all-872775		ğŸ”¥	ğŸ„	ğŸ”¥	0	0	0	0	0	0	0	0	0	1	0	1	0	0	0
crawled-349712		ğŸ’¯	ğŸ™	ğŸ’¯	1	2	1	0	1	0	0	0	0	1	2	1	2	2	2
crawled-206344		ğŸ˜­	ğŸ˜­	ğŸ™Œ	1	1	0	1	1	1	0	0	0	2	2	0	1	1	1
crawled-341990		ğŸ˜Š	ğŸ’ª	ğŸ˜Š	2	0	2	1	1	1	2	0	2	2	0	2	2	2	2
crawled-356311		ğŸ˜Š	ğŸ’‹	ğŸ˜‚	1	0	0	1	1	1	0	0	0	0	2	2	1	1	1
crawled-214994		ğŸ˜	ğŸ˜	ğŸ‰	2	2	0	1	1	0	0	0	0	2	2	0	2	2	2
crawled-354522		ğŸ˜‚	ğŸ’‹	ğŸ“·	1	0	0	1	1	1	0	0	0	2	0	2	1	0	2
crawled-214770		ğŸ‰	ğŸ˜‚	ğŸ˜­	0	1	1	0	1	1	0	0	0	0	2	2	0	1	1
crawled-342209		ğŸ™	âœ¨	âœ¨	2	1	1	1	1	1	0	0	0	2	0	0	2	1	1
crawled-353690		ğŸ’‹	ğŸ’¯	ğŸ’¯	0	1	1	0	0	0	0	0	0	2	1	1	1	1	1
crawled-344916		ğŸ™	ğŸ˜‰	ğŸ˜‰	1	2	2	1	2	2	0	0	0	2	2	2	1	1	1
crawled-340201		ğŸ˜‚	ğŸ˜‚	ğŸ’ª	2	2	0	1	1	1	0	0	2	1	1	2	1	1	1
crawled-348191		ğŸ™	ğŸ™Œ	ğŸ™Œ	1	2	2	2	2	2	0	0	0	2	2	2	2	2	2
crawled-341568		âœ¨	ğŸ’ª	âœ¨	0	0	0	1	1	1	0	2	0	0	2	0	1	2	1
all-659662		ğŸ“·	ğŸ„	ğŸ“·	0	1	0	2	1	2	2	0	2	2	0	2	2	1	2
all-1013743		â„	ğŸ„	â„	2	2	2	2	2	2	2	0	2	2	1	2	2	2	2
crawled-349925		ğŸ˜­	ğŸ‘Œ	ğŸ˜‚	0	0	0	1	0	1	0	0	0	0	2	1	0	1	1
crawled-216437		ğŸ’¯	ğŸ‰	ğŸ’¯	2	0	2	0	1	0	0	2	0	1	0	1	2	2	2
all-894192		ğŸ“·	ğŸ„	ğŸ“·	0	0	0	1	0	1	2	0	2	1	0	1	2	1	2
crawled-349905		ğŸ‘Œ	ğŸ˜Š	ğŸ˜Š	1	1	1	0	1	1	0	0	0	2	1	1	1	1	1
crawled-356384		ğŸ’‹	â¤	ğŸ˜Š	0	1	2	1	1	2	0	2	2	1	2	2	1	2	2
crawled-350125		ğŸ”¥	ğŸ‘Œ	ğŸ”¥	2	2	2	0	0	0	0	0	0	1	1	1	1	1	1
crawled-321769		ğŸ˜‚	â„	ğŸ˜‚	1	0	1	1	0	1	0	0	0	1	0	1	1	2	1
crawled-355178		ğŸ˜­	ğŸ˜­	ğŸ’‹	1	1	0	1	1	1	0	0	0	2	2	0	1	1	0
crawled-215110		ğŸ™	ğŸ‰	ğŸ™	1	2	1	2	2	2	0	2	0	1	2	1	2	2	2
crawled-213006		ğŸ˜­	ğŸ˜Š	ğŸ‰	2	2	1	0	2	1	0	0	2	0	1	1	0	2	2
crawled-345359		ğŸ˜Š	ğŸ˜Š	ğŸ™	2	2	2	2	2	2	2	2	2	2	2	1	2	2	2
crawled-353615		ğŸ˜­	ğŸ˜­	ğŸ’‹	2	2	0	1	1	1	0	0	0	1	1	0	0	0	1
crawled-217518		ğŸ˜‚	ğŸ‰	ğŸ˜‚	0	0	0	0	0	0	0	0	0	1	0	1	1	0	1
crawled-215061		ğŸ˜Š	ğŸ˜Š	ğŸ‰	2	2	2	2	2	2	2	2	0	2	2	2	2	2	2
crawled-216310		ğŸ˜­	ğŸ‰	ğŸ‰	2	1	1	1	1	1	0	1	1	2	0	0	2	1	1
crawled-213641		ğŸ”¥	ğŸ”¥	ğŸ‰	1	1	0	0	0	0	0	0	0	1	1	0	1	1	0
crawled-354439		â¤	ğŸ’‹	â¤	0	0	0	2	1	2	0	0	0	1	1	1	2	1	2
crawled-346242		ğŸ˜Š	ğŸ™	ğŸ˜Š	1	1	1	2	2	2	0	0	0	2	1	2	2	2	2
crawled-351058		ğŸ‘Œ	ğŸ”¥	ğŸ”¥	2	1	1	0	1	1	0	0	0	1	2	2	0	1	1
all-726011		ğŸ„	â¤	â¤	2	1	1	2	2	2	2	0	0	2	1	1	2	1	1
crawled-214818		ğŸ‰	ğŸ’¯	ğŸ’¯	1	1	1	2	1	1	2	0	0	2	1	1	2	1	1
all-660000		ğŸ”¥	ğŸ”¥	ğŸ„	0	0	0	0	0	0	0	0	0	1	1	0	1	1	0
crawled-216368		ğŸ˜­	ğŸ‰	ğŸ˜­	0	0	0	1	1	1	0	0	0	1	2	1	0	2	0
all-654877		â¤	ğŸ„	â¤	0	1	0	1	1	1	2	0	2	0	1	0	1	1	1
crawled-343703		ğŸ™	ğŸ˜‚	ğŸ˜‚	2	1	1	1	1	1	0	0	0	1	0	0	2	1	1
crawled-342625		ğŸ™	ğŸ”¥	ğŸ”¥	0	0	0	0	0	0	0	0	0	0	1	1	1	1	1
crawled-344107		ğŸ™	ğŸ’¯	ğŸ˜­	0	2	0	0	0	0	0	0	0	1	0	0	1	1	0
crawled-340634		ğŸ˜‚	ğŸ˜‚	ğŸ’ª	2	2	0	1	1	1	0	0	0	2	2	0	2	2	1
all-793567		ğŸ”¥	ğŸ„	ğŸ”¥	0	2	0	0	1	0	0	0	0	1	2	1	1	2	1
crawled-353935		â¤	ğŸ’‹	â¤	2	2	2	2	2	2	2	0	2	2	1	2	2	1	2
crawled-352598		ğŸ‘Œ	ğŸ‰	ğŸ‰	2	2	2	1	2	2	2	0	0	2	1	1	1	2	2
crawled-356856		ğŸ’‹	ğŸ’¯	â¤	2	2	2	1	0	1	0	0	2	2	2	0	2	1	2
crawled-216233		ğŸ˜Š	ğŸ‰	ğŸ˜Š	2	0	2	1	1	1	1	0	1	2	1	2	2	2	2
crawled-214490		ğŸ‰	ğŸ˜Š	ğŸ˜Š	0	2	2	1	1	1	0	0	0	0	1	1	2	2	2
crawled-347773		ğŸ™	ğŸ’¯	ğŸ’¯	0	1	1	0	0	0	0	0	0	0	2	2	0	1	1
crawled-214040		ğŸ˜Š	ğŸ˜Š	ğŸ‰	1	1	0	1	1	1	2	2	0	2	2	1	2	2	2
crawled-348326		ğŸ˜­	ğŸ˜­	ğŸ™	1	1	2	1	1	1	0	0	0	2	2	2	2	2	2
crawled-348648		ğŸ˜‚	ğŸ™	ğŸ˜‚	0	0	0	1	0	1	0	0	0	1	0	1	1	1	1
crawled-342293		ğŸ™	ğŸ˜­	ğŸ˜­	1	2	2	0	2	2	0	0	0	0	2	2	0	2	2
crawled-347309		ğŸ˜Š	ğŸ™	ğŸ˜Š	2	1	2	1	1	1	2	0	2	2	0	2	2	1	2
crawled-354196		ğŸ˜­	ğŸ˜­	ğŸ’‹	0	0	2	1	1	1	0	0	0	0	0	2	1	1	2
crawled-350770		â˜€	ğŸ‘Œ	â˜€	1	0	1	1	0	1	0	0	0	1	1	1	2	0	2
crawled-216123		ğŸ”¥	ğŸ‰	ğŸ˜­	0	0	0	0	1	0	0	0	0	0	1	1	1	1	0
crawled-352044		ğŸ‘Œ	ğŸ’¯	ğŸ’¯	1	1	1	0	0	0	0	0	0	2	2	2	1	2	2
crawled-354960		ğŸ’‹	ğŸ’¯	ğŸ’¯	0	0	0	1	0	0	0	0	0	1	2	2	1	1	1
crawled-215709		ğŸ‰	â¤	â¤	0	0	0	1	1	1	0	0	0	2	2	2	2	2	2
crawled-350885		â¤	â¤	ğŸ‘Œ	1	1	1	2	2	1	2	2	0	2	2	2	2	2	1
crawled-351278		â„	ğŸ‘Œ	â„	2	1	2	1	0	1	0	0	0	2	1	2	2	0	2
crawled-352645		ğŸ˜œ	ğŸ‘Œ	ğŸ˜œ	0	0	0	1	0	1	0	0	0	1	0	1	1	0	1
crawled-356260		ğŸ’‹	âœ¨	âœ¨	0	2	2	1	1	1	0	2	2	0	2	2	0	1	1
all-712955		â¤	ğŸ„	â¤	1	0	1	1	0	1	0	0	0	2	0	2	2	1	2
crawled-353251		ğŸ˜	ğŸ˜	ğŸ‘Œ	2	2	1	2	2	1	2	2	0	2	2	1	2	2	1
crawled-340492		ğŸ’ª	ğŸ˜	ğŸ˜	0	2	2	1	1	1	0	0	0	0	1	1	2	2	2
crawled-355633		ğŸ˜­	ğŸ˜­	ğŸ’‹	1	1	1	1	1	1	0	0	0	2	2	1	2	2	1
crawled-356148		ğŸ’‹	ğŸ˜‚	ğŸ˜‚	1	0	0	0	1	1	0	0	0	1	1	1	2	1	1
crawled-356284		ğŸ’‹	â¤	â¤	2	2	2	2	2	2	0	2	2	1	2	2	2	2	2
crawled-217176		ğŸ˜Š	ğŸ‰	ğŸ˜Š	2	2	2	2	2	2	2	2	2	2	2	2	2	2	2
crawled-351891		ğŸ˜	ğŸ˜	ğŸ‘Œ	2	2	2	1	1	1	2	2	0	2	2	2	2	2	1
all-615924		â¤	â¤	ğŸ„	0	0	0	1	1	0	0	0	0	1	1	0	2	2	1
crawled-355887		â¤	ğŸ’‹	â¤	2	2	2	2	2	2	2	0	2	2	1	2	2	2	2
crawled-340709		ğŸ’ª	ğŸ’¯	ğŸ’¯	0	1	1	1	0	0	1	0	0	2	1	1	1	1	1
crawled-356181		ğŸ˜­	ğŸ’‹	ğŸ˜­	0	0	0	0	1	0	0	0	0	0	2	0	1	2	1
crawled-213814		ğŸ”¥	ğŸ”¥	ğŸ‰	1	1	2	1	1	2	0	0	2	1	1	2	2	2	2
crawled-352519		ğŸ‘Œ	ğŸ“·	ğŸ“·	2	0	0	2	1	1	2	0	0	2	0	0	2	0	0
all-941272		â¤	â¤	ğŸ„	0	0	0	2	2	2	0	0	0	1	1	0	2	2	1
all-945549		ğŸ˜Š	ğŸ˜Š	ğŸ„	2	2	0	1	1	2	2	2	0	2	2	1	2	2	1
crawled-321569		ğŸ”¥	ğŸ”¥	â„	0	0	0	0	0	0	0	0	0	0	0	0	1	1	1
crawled-214200		ğŸ˜Š	ğŸ‰	ğŸ˜Š	2	1	2	2	2	2	1	2	1	2	2	2	2	2	2
crawled-212357		ğŸ˜Š	ğŸ‰	ğŸ˜Š	2	2	2	2	2	2	2	2	2	2	2	2	2	2	2
crawled-349904		ğŸ‘Œ	ğŸ˜Š	ğŸ˜Š	1	1	1	0	1	1	2	1	1	2	1	1	2	2	2
crawled-354690		ğŸ˜Š	ğŸ˜Š	ğŸ’‹	2	2	2	1	1	2	2	2	0	2	2	2	1	1	2
crawled-352456		ğŸ˜­	ğŸ˜­	ğŸ‘Œ	0	0	2	0	0	1	0	0	0	0	0	2	0	0	1
crawled-340449		â¤	ğŸ’ª	ğŸ˜Š	0	0	2	1	1	1	0	0	2	1	0	2	2	2	2
crawled-351534		ğŸ‘Œ	ğŸ˜‚	ğŸ˜­	2	2	2	1	1	1	2	0	0	2	2	0	1	2	2
crawled-354673		ğŸ“·	ğŸ’‹	ğŸ“·	1	0	1	2	1	2	0	0	0	1	2	1	2	1	2
all-1049456		ğŸ“·	ğŸ“·	ğŸ„	2	2	2	1	1	1	0	0	0	2	2	1	2	2	2
crawled-353980		â¤	ğŸ’‹	â¤	0	0	0	1	0	1	2	0	2	2	2	2	2	2	2
all-786090		ğŸ˜Š	ğŸ„	ğŸ˜Š	2	0	2	1	0	1	0	0	0	2	0	2	2	1	2
crawled-356005		ğŸ˜­	ğŸ˜­	ğŸ’‹	2	2	0	1	1	0	0	0	0	2	2	0	2	2	1
crawled-355310		ğŸ‰	ğŸ’‹	ğŸ‰	2	1	2	2	2	2	2	0	2	2	2	2	2	2	2
crawled-350946		ğŸ˜­	ğŸ‘Œ	ğŸ˜­	1	0	1	1	1	1	0	0	0	2	2	2	2	1	2
all-962150		ğŸ“·	ğŸ“·	ğŸ„	2	2	2	1	1	2	2	2	0	1	1	2	2	2	2
crawled-355606		ğŸ’‹	ğŸ”¥	ğŸ”¥	0	0	0	0	0	0	0	0	0	0	1	1	1	1	1
all-818654		âœ¨	ğŸ„	âœ¨	2	2	2	2	2	2	2	2	2	2	2	2	2	2	2
crawled-340596		ğŸ’¯	ğŸ’¯	ğŸ’ª	2	2	2	0	0	1	0	0	0	1	1	2	2	2	2
crawled-354280		â¤	ğŸ’‹	ğŸ’‹	1	0	0	1	1	1	0	0	0	0	2	2	2	2	2
crawled-340488		ğŸ’¯	ğŸ˜­	ğŸ’ª	2	1	1	0	1	1	0	0	0	1	1	2	1	0	2
all-853017		â¤	â¤	ğŸ„	2	2	0	2	2	0	2	2	0	2	2	0	2	2	1
all-819798		ğŸ˜	ğŸ˜	ğŸ„	2	2	2	1	1	1	2	2	0	2	2	0	2	2	2
crawled-356283		ğŸ˜­	ğŸ˜­	ğŸ’‹	0	0	2	0	0	2	0	0	0	0	0	2	1	1	2
crawled-356922		ğŸ’¯	ğŸ’¯	ğŸ’‹	0	0	0	0	0	0	0	0	0	0	0	1	1	1	1
all-1030422		ğŸ“·	ğŸ„	ğŸ“·	0	0	0	1	0	1	0	0	0	1	0	1	2	1	2
crawled-355249		ğŸ’‹	ğŸ˜­	ğŸ˜­	0	0	0	1	0	0	0	0	0	2	0	0	2	1	1
crawled-356948		ğŸ’¯	ğŸ’¯	ğŸ’‹	1	1	0	0	0	0	0	0	0	2	2	0	0	0	1
crawled-355218		â¤	â¤	ğŸ’‹	0	0	1	2	2	2	2	2	0	0	0	2	2	2	2
crawled-356732		â¤	ğŸ’‹	â¤	2	2	2	2	2	2	2	0	2	2	1	2	2	2	2
crawled-341321		ğŸ’ª	ğŸ’ª	ğŸ˜‚	0	0	1	1	1	1	0	0	2	2	2	1	1	1	2
crawled-354859		ğŸ˜Š	ğŸ˜Š	ğŸ’‹	2	2	2	2	2	2	2	2	0	2	2	2	2	2	2
all-956083		ğŸ’‹	ğŸ’‹	ğŸ„	2	2	2	2	2	2	0	0	0	2	2	1	2	2	2
all-640864		â„	â„	ğŸ„	2	2	2	1	1	1	2	2	0	2	2	1	2	2	2
crawled-340848		â¤	ğŸ’ª	â¤	0	0	0	1	1	1	0	0	0	1	1	1	2	1	2
all-713999		ğŸ˜Š	ğŸ˜Š	ğŸ„	2	2	2	2	2	1	2	2	0	2	2	2	2	2	1
all-676615		ğŸ’ª	ğŸ„	ğŸ’ª	2	0	2	2	0	2	2	0	2	2	0	2	2	2	2
all-714202		ğŸ„	ğŸ”¥	ğŸ”¥	0	0	0	0	0	0	0	0	0	0	1	1	1	2	2
all-656779		â¤	ğŸ„	â¤	0	0	0	2	0	2	2	0	2	1	0	1	2	1	2
crawled-341046		ğŸ’ª	ğŸ˜­	ğŸ˜­	2	1	1	2	0	0	2	0	0	2	0	0	2	0	0
crawled-341352		ğŸ”¥	ğŸ’ª	ğŸ”¥	0	0	0	0	0	0	0	0	0	0	1	0	1	1	1
all-900546		ğŸ„	ğŸ˜Š	ğŸ˜Š	2	2	2	2	1	1	2	1	1	2	1	1	2	2	2
crawled-340779		ğŸ˜­	ğŸ’ª	ğŸ˜­	0	2	0	0	1	0	0	0	0	1	2	1	1	2	1
all-791514		â¤	ğŸ„	â¤	0	2	0	1	0	1	0	0	0	0	2	0	2	1	2
all-743218		â¤	â¤	ğŸ„	1	1	1	1	1	1	0	0	0	1	1	0	1	1	1
all-656004		â¤	ğŸ„	â¤	2	1	2	1	1	1	2	0	2	2	0	2	2	2	2
all-802850		ğŸ„	âœ¨	âœ¨	0	0	0	0	0	0	0	1	1	0	0	0	1	2	2
crawled-340462		â¤	ğŸ’¯	ğŸ’ª	2	1	2	2	0	2	2	2	2	2	1	2	2	2	2
crawled-341329		ğŸ“·	ğŸ’ª	ğŸ“·	0	0	0	1	0	1	0	0	0	1	1	1	2	1	2
crawled-342008		ğŸ’ª	ğŸ’¯	ğŸ’¯	2	2	2	1	1	1	2	2	2	2	1	1	2	2	2
crawled-341025		ğŸ’ª	ğŸ“·	ğŸ“·	2	0	0	2	1	1	2	0	0	2	0	0	2	1	1
crawled-341757		ğŸ’ª	ğŸ˜­	ğŸ’ª	2	0	2	2	0	2	2	0	2	2	0	2	2	1	2
crawled-340511		ğŸ“·	ğŸ’ª	ğŸ“·	0	0	0	1	1	1	0	0	0	0	2	0	2	2	2
crawled-321728		ğŸ”¥	ğŸ”¥	â„	0	0	0	0	0	0	0	0	0	1	1	0	2	2	1
crawled-341928		ğŸ’ª	ğŸ”¥	ğŸ”¥	0	0	0	0	1	1	0	0	0	1	2	2	2	2	2
crawled-321560		â„	âœ¨	ğŸ˜Š	0	0	0	0	1	1	0	0	0	1	1	1	1	1	1
crawled-341793		ğŸ’ª	ğŸ’¯	ğŸ’¯	2	2	2	0	0	0	0	0	0	1	1	1	1	1	1
crawled-341101		ğŸ˜Š	ğŸ˜Š	ğŸ’ª	2	2	2	1	1	1	1	1	0	2	2	2	1	1	2
crawled-340619		ğŸ’ª	ğŸ˜­	ğŸ˜­	2	1	1	1	0	0	2	0	0	2	0	0	2	1	1
crawled-341236		ğŸ’¯	ğŸ’ª	ğŸ’¯	0	0	0	0	0	0	0	0	0	0	1	0	2	1	2
crawled-340678		ğŸ‰	ğŸ’ª	ğŸ‰	0	0	0	2	2	2	0	0	0	1	2	1	2	2	2
crawled-340721		ğŸ˜‚	ğŸ˜‚	ğŸ’ª	1	1	0	1	1	0	0	0	0	2	2	1	2	2	0
crawled-341572		ğŸ’ª	ğŸ’¯	ğŸ’¯	0	2	2	2	0	0	0	2	2	2	1	1	2	1	1
crawled-340745		ğŸ˜‚	ğŸ’ª	ğŸ˜­	0	0	0	1	1	0	0	0	0	1	2	0	1	1	1
crawled-341864		ğŸ”¥	ğŸ’ª	ğŸ˜­	0	0	1	0	0	0	0	0	0	0	1	0	0	0	1
crawled-341293		ğŸ˜­	ğŸ’ª	ğŸ˜­	0	0	0	0	2	0	0	0	0	0	2	0	1	2	1
crawled-341085		ğŸ˜Š	ğŸ˜Š	ğŸ’ª	2	2	2	1	1	1	1	1	0	2	2	1	2	2	2
crawled-340705		ğŸ˜Š	ğŸ’ª	ğŸ˜Š	2	2	2	2	1	2	2	0	2	2	0	2	2	1	2
crawled-341867		ğŸ’ª	ğŸ’¯	ğŸ’ª	2	2	2	1	0	1	2	0	2	1	0	1	2	1	2
crawled-321570		ğŸ’¯	â„	ğŸ’¯	0	1	0	0	1	0	0	0	0	1	0	1	1	1	1
crawled-340753		ğŸ’ª	ğŸ’¯	ğŸ’¯	0	0	0	1	0	0	0	0	0	1	1	1	2	1	1
crawled-341931		ğŸ’¯	ğŸ’¯	ğŸ’ª	2	2	2	0	0	2	0	0	0	1	1	2	1	1	2
crawled-341412		ğŸ’¯	ğŸ’ª	â¤	0	0	0	0	1	1	0	0	0	0	1	0	0	1	1
crawled-321582		ğŸ˜­	ğŸ˜­	â„	2	2	2	1	1	1	0	0	0	2	2	2	2	2	2
crawled-321618		ğŸ˜‚	ğŸ˜‚	â„	2	2	1	1	1	1	0	0	1	2	2	1	2	2	2
crawled-321739		ğŸ˜­	â„	ğŸ˜‚	2	1	2	1	0	1	0	0	0	1	0	2	2	0	1
crawled-321716		ğŸ˜‚	ğŸ˜Š	â„	0	0	0	1	1	1	0	0	0	1	0	2	1	1	2
all-933561		ğŸ˜‚	ğŸ˜	ğŸ˜‚	0	0	0	1	1	1	0	0	0	2	2	2	1	1	1
all-995127		ğŸ”¥	â¤	â¤	0	0	0	0	1	1	0	0	0	1	1	1	2	1	1
all-972448		ğŸ˜	â˜€	â˜€	2	2	2	1	2	2	2	2	2	1	2	2	2	2	2
crawled-315101		â„	âœ¨	â„	0	0	0	0	1	0	0	2	0	0	2	0	1	2	1
crawled-192135		ğŸ‰	ğŸ‰	ğŸ˜Š	2	2	2	2	2	2	2	2	2	2	2	2	2	2	2
crawled-355248		ğŸ˜Š	ğŸ’‹	ğŸ˜Š	2	0	2	2	2	2	2	0	2	2	2	2	2	2	2
all-880224		ğŸ˜‰	ğŸ˜‚	ğŸ˜‚	2	2	2	1	1	1	2	0	0	2	2	2	2	2	2
all-1038332		ğŸ„	ğŸ„	â¤	0	0	1	0	0	1	0	0	0	0	0	2	1	1	2
crawled-355970		ğŸ’‹	ğŸ˜­	ğŸ˜­	0	0	0	1	1	1	0	0	0	1	1	1	2	0	0
crawled-336938		ğŸ’¯	ğŸ’¯	ğŸ˜	2	2	2	0	0	1	0	0	2	1	1	0	1	1	2
crawled-29151		ğŸ˜‚	ğŸ’¯	ğŸ’¯	0	0	0	1	0	0	2	0	0	1	0	0	2	0	0
all-666276		ğŸ˜‚	ğŸ’¯	ğŸ˜‚	0	0	0	1	0	1	0	0	0	2	0	2	2	1	2
crawled-205672		ğŸ˜­	ğŸ™Œ	ğŸ˜­	0	0	0	0	2	0	0	2	0	0	2	0	1	2	1
all-632841		ğŸ˜Š	ğŸ˜Š	â˜€	2	2	0	2	2	1	2	2	0	2	2	2	2	2	2
all-759805		ğŸ˜­	ğŸ˜­	ğŸ˜‚	0	0	0	2	2	1	0	0	0	2	2	0	0	0	1
crawled-128496		ğŸ˜‚	ğŸ”¥	ğŸ˜‚	0	0	0	1	0	1	0	0	0	1	1	1	1	2	1
all-1013361		â¤	ğŸ˜	â¤	0	0	0	1	1	1	0	0	0	1	1	1	1	2	1
crawled-282124		â¤	â¤	ğŸ˜­	2	2	2	1	1	0	2	2	0	2	2	0	2	2	0
all-1054876		â¤	â¤	ğŸ“·	2	2	2	1	1	1	2	2	2	2	2	1	2	2	1
crawled-194474		ğŸ˜­	ğŸ˜­	ğŸ˜Š	0	0	1	0	0	1	0	0	2	0	0	2	0	0	1
all-857060		ğŸ˜	ğŸ˜Š	ğŸ˜Š	1	2	2	1	1	1	2	1	1	2	2	2	2	2	2
crawled-331137		ğŸ˜­	ğŸ˜	ğŸ˜­	0	2	0	0	2	0	0	2	0	0	1	0	0	2	0
all-669951		ğŸ˜Š	ğŸ“·	ğŸ“·	2	0	0	2	1	1	1	0	0	2	1	1	2	1	1
all-846715		ğŸ“·	ğŸ“·	â¤	0	0	0	1	1	1	0	0	0	0	0	2	1	1	2
crawled-206582		ğŸ™Œ	ğŸ”¥	ğŸ”¥	0	0	0	1	0	0	0	0	0	1	0	0	1	0	0
crawled-106652		â¤	ğŸ˜­	ğŸ˜­	0	0	0	1	0	0	0	0	0	2	1	1	1	1	1
crawled-383740		ğŸ˜Š	ğŸ“·	ğŸ“·	1	0	0	2	1	1	2	0	0	2	0	0	2	1	1
all-625265		â¤	â¤	âœ¨	1	1	1	2	2	1	0	0	0	2	2	1	2	2	1
all-822133		â˜€	ğŸ˜Š	ğŸ˜Š	1	2	2	1	2	2	2	2	2	0	2	2	1	2	2
all-965859		ğŸ“·	ğŸ˜œ	ğŸ“·	0	2	0	1	1	1	0	2	0	1	2	1	2	1	2
all-1052304		â¤	âœ¨	âœ¨	0	0	0	1	1	1	0	1	1	1	1	1	1	1	1
crawled-266657		ğŸ˜‚	ğŸ˜­	ğŸ˜‚	2	0	2	2	0	2	2	0	2	2	0	2	2	1	2
all-886742		â¤	â¤	ğŸ˜	2	2	2	2	2	1	0	0	0	2	2	1	2	2	2
all-835018		ğŸ’¯	ğŸ’¯	ğŸ˜‰	0	0	0	0	0	1	0	0	0	0	0	2	1	1	2
crawled-189837		ğŸ’¯	ğŸ’¯	ğŸ˜Š	1	1	2	0	0	2	0	0	2	2	2	2	1	1	2
crawled-210736		â¤	ğŸ˜­	ğŸ˜­	2	0	0	1	0	0	0	0	0	0	2	2	2	1	1
all-610465		â¤	â¤	ğŸ˜Š	2	2	2	1	1	1	0	0	1	1	1	2	2	2	2
all-751710		âœ¨	âœ¨	ğŸ˜Š	0	0	1	1	1	1	0	0	1	1	1	2	1	1	1
all-603915		ğŸ„	ğŸ˜Š	ğŸ„	2	2	2	1	1	1	2	2	2	1	2	1	1	2	1
